song_id,annotated_patterns,selected_patterns
NLB015569_01,8_10_12_1,"6_5_6,10_1_12_1,6_8,12_10,8_8,10_1_12,1_8_12_10_1_12,10_12_1_8_12,6_5,12_1,1_12_1,10_12,3_1,12_1_8,6_5_6_8,1_12,5_6"
NLB070033_01,"8_6_5_3,1_5_5","5_3,1_5_3_1_8_6,6_5_3,8_6_5,6_5,5_3_1_5_5_1,8_6,3_1,1_1,5_3_1,3_1_5_5_1,5_5_1_1_3_3,1_5_5_1_1_3,5_1_1_3_3_5,8_6_5_3,5_3_1_8_6_5,1_5,5_3_1_8_6,3_1_8_6_5_3"
NLB070053_01,"1_12_10_8_10_12_1,12_10,12_1_12_10_8_10_12_1,5_3_12_10,8_1_5_8_1,12_10_8","5_3_12_10_12_1,3_12_10_12_1_12,1_3_5_3_12_10,8_1,10_12,8_1_5_8_1,1_5_8_1_3_5,12_10,3_12_10_12_1,12_1,8_1_3_5_3_12,1_5,5_3_12_10_12,3_5_3_12_10_12,1_3,3_12_10_12,10_8,10_12_1,5_8,1_12"
NLB070078_01,"10_10_8_3,10_8","10_10_8,6_10_10_8_3_1,8_8,8_6,6_5_5_3_6_10,12_10_8_6_5_5,5_3_6_10_10_8,8_3,8_1,12_10,5_5_3_6_10_10,6_10_10_8_3,10_10_8_3,5_3_6_10,8_10,10_8,5_5_3_6_10,10_10,10_8_6"
NLB070079_01,"10_8_8,1_1,6_5_3,3_5_10_10_8,8_10_8,3_5_10_8_1,1_8_8_8_1_12,6_6,8_10_6_5","5_3,10_6,5_10_8_1,8_8,5_1_1_3_5_10,3_5,6_5,8_10_6_5_1,10_6_5_1_1,10_6_5_1_1_3,8_1,8_10_6_5_1_1,3_5_10,1_1_3_5_10,5_10,3_5_10_8_1,1_3,8_10,10_8,8_8_10_6_5_1"
NLB070089_01,"8_10_12_1,8_5_8_1,1_12_6","1_10_12_3_1_8,12_6_6_6_8,8_5_8_1,8_1,10_12,5_8_1,1_10_12_3_1,5_8,8_5,3_1,6_6,1_12_6_6_6,12_6_6_6_8_12,12_6_6_6,8_12_10_10_8_5,1_3,8_5_8,6_6_8_12_10_10"
NLB070096_01,"1_12_10_8_10_12_1,12_10,5_3_1_10,1_12_10_8,8_5_8_1","5_3_1_10_1,3_1_10_1,1_5_3_1_10_1,8_5_8_1,8_1,10_12,5_8_1,8_5,3_1_10_1_12_10,8_5_8,12_10,8_5_8_1_5_3,12_1,1_10_1_12_10,5_8_1_5_3_1,10_8,5_3_1_10_1_12,1_10_1_12_10_8,5_8,1_12"
NLB070122_01,"10_8_8,1_3_5_8_1_12,1_1,3_6_10_8_1,8_10_8,1_5_5_5,6_6,5_6_8,8_10_6_5,6_3","5_3,5_6_3_1_5_5,1_3_6_10_8,3_5,6_3_1_5_5,5_5_3_3_8_10,6_6,1_3_5_8_1_12,5_5,5_3_3_8_10_8,8_1,5_3_3_8_10,6_8_1_3_5_8,1_5_5_5_3_3,1_3,5_6,8_10,10_8,10_10,3_5_8_1_12_12"
NLB070125_01,"1_5_5_3,8_5_8_3_1","8_8,6_5_8_1_5_5,6_5,8_6,6_6,6_6_5_8_1_5,8_1,6_6_5_8_1,5_8_1_5_5_3,8_6_6_5_8_1,1_5,10_8_6_6_5_8,8_1_12_10_8_6,8_10,10_8,8_6_6_5_8,10_8_6,5_8,5_8_1_5_5,6_5_8_1_5"
NLB070134_01,"5_5_6_8_10_10_10,10_8_5,8_8_1","6_8,8_8,3_1_3_5_5,3_5,3_1,1_3_1_3_5,1_1,5_5,1_1_1_3_1_3,8_1,1_1_3_1_3_5,1_3,5_6,1_3_1_3,8_8_1_1_1_3,1_1_1_3_1,1_1_3_1_3,10_10,8_1_1_1_3_1,1_3_1_3_5_5"
NLB070137_01,"1_5_8_1,6_8_10_10_8,5_3_5_8_6,8_8_6_5,10_8_10_12_12_10_8,10_8_8_10_8_8","8_8,5_3_5_8_6,3_5_8_6_6,8_6,10_8_10_12_12,8_1,10_10_10_8_10_12,12_10,5_3_5_8_6_6,10_8_8_5_3_5,1_5,10_8_10_12_12_10,10_8_8,8_10,8_10_12_12_10_8,10_8,8_5_3_5_8,10_10,5_8,8_8_10_8_8"
NLB070141_01,"8_10_12_1,8_8_8_1,12_10_6","8_8_8_1_8_12,12_10,8_8,1_8,8_8_1_8_12_10,8_8_1_8_12,6_6_6_8_12_12,8_1,8_8_1,8_12_12_10_8_5,6_8_12_12_10_8,12_12_10_8_5,8_12,6_6,3_1,8_8_8,6_8_12_12_10,8_8_8_1"
NLB070144_01,"8_10_12_1,8_8_8_1,12_10_6,8_8_1","10_6,6_8,1_8,8_8,12_12_10_8_5_8,12_12_10_8_5,8_12,6_6,3_1,6_6_6_8_12_12,8_1,6_8_12_12,3_3_1_12_8,12_10,8_12_12_10_8_5,6_8_12_12_10_8,8_8_1,6_8_12_12_10,6_6_8_12_12_10"
NLB070238_01,"10_10_8,3_8,5_3_1","10_10_8,8_10,5_3,10_8,8_8,12_12_10,8_8_8_8_8,3_5,3_1_3_5_3_8,1_12_12_10_10,8_1,10_10,12_12_10_10,12_12_10_10_8,8_8_8,8_8_8_8,1_3"
NLB070360_01,"8_10_8_3,8_3_6_5_1,1_5_8","5_8_10_8,3_5,5_8_10,1_5_8_10,3_3,8_3,8_10_8_3,10_8_3,1_5_8_10_8,8_1,1_5_8,8_10_8,1_5,8_10,8_1_5_8_10,10_8,5_8_10_8_3,8_1_5_8_10_8,1_5_8_10_8_3,5_8"
NLB070411_01,"10_8_6_6_5,1_5_8,3_5_6_10_8_6_5_8_1","5_3,5_8_10_8,3_5,5_8_10,6_5_8_1_8_10,6_5,8_6,12_10_8_6_3,8_1_8_10_12_10,8_10_8,6_5_8_1_8,8_10,10_8,12_10_8_6_3_1,10_8_6,5_8,10_12_10_8_6_3,5_8_1_8_10_12,5_8_10_8_6"
NLB070463_01,"3_5_6_8_10_12_1_1,8_3,1_5_8,10_8_8_6_5","6_8,3_5,8_6,12_1_1_3_1_12,12_1_1_3,8_10_12_1_1_3,12_1_1_3_1,3_1_12_10_8_6,1_12_10_8,10_12_1_1_3,1_1_3_1_12_10,12_10,3_5_6_8_10_12,12_10_8,8_10,6_8_10_12_1_1,10_8,1_12_10,10_12_1_1_3_1,1_12"
NLB070475_01,"10_8_8,1_1,6_5_3,1_5_8_8,1_1_5_8_1_12,3_5_6_5_1,8_6_6_5,6_6,5_6_8,3_6_10_10_8","6_6_5_1,8_8,8_8_6_6_5_1,3_5,6_6_5_1_1,6_5,8_6,6_6,1_1,8_6_6_5_1_1,5_1,8_6_6_5_1,8_8_8_6_6,1_3,6_6_5_1_1_3,5_6,10_10,8_8_6_6,6_5_1,6_5_1_1_3"
NLB070492_01,"1_10_8,8_6_5_3,3_12_8,8_5_1,6_10_10_10","12_1_10_8,5_3,3_5,6_5,8_6,12_1_10,12_1_10_8_6,10_12_1_10_8,10_12_1_10_8_6,10_12,1_10_8_6_5_3,12_1,1_10_8_6,12_1_10_8_6_5,10_12_1_10,5_6,10_8,1_10,1_10_8_6_5,10_10"
NLB070493_01,"8_8_6_5_3,5_5_5_5,1_8,8_1","3_3,5_3,5_5_5_5_5,5_5,5_3_1,3_5,8_1,3_5_3_1_8,8_1_12_1,5_5_5_5,1_12_1_3,3_1,8_1_12_1_3,5_5_5_5_5_5,1_3,5_5_5"
NLB070521_01,"5_3_1,3_8,3_12_8,12_10_8","5_3,10_10_8,8_8,8_1_12_12_10_10,3_5,8_1_12_12_10,12_12_10_10_8,8_8_8,1_12_12_10_10_8,1_12_12,1_12_12_10_10,8_1,12_12_10,12_10,8_1_12_12,10_8,1_12_12_10,10_10,3_5_3"
NLB070526_01,"1_3_5,12_10_8,5_3_1","8_10,5_3,10_8,8_8,8_10_8_5,10_8_5_3_1,8_10_8,8_10_8_5_3,8_5,8_8_8,3_1,8_8_10,10_8_5,8_10_8_5_3_1,8_8_10_8_5,10_8_5_3"
NLB070532_01,"10_8_6_6_5,8_3,1_5_8,3_5_6_10_8_6_5_8","5_3,6_5,8_6,10_8_6_6_5_1,6_10_8_6_5_8,6_5_8_6_5_3,5_8_6_5_3_6,1_5_8,5_1_5_8_8_10,8_10_8,1_5,10_8_6_5_8_6,6_6_5_1_5_8,8_6_6_5_1_5,8_10,10_8,10_8_6,5_8,8_3_3_5_6_10,6_5_1_5_8_8"
NLB070535_01,"10_8,8_10_8_3,8_3_6_5_1,1_5_8","8_10_8_3_6,3_5,8_10_10_10_8,10_10_10_8_1,6_5,6_6,3_3,8_3,8_10_8_3,5_5,8_10_8_3_6_5,8_10_10_10_8_1,5_8_10_8_3_6,10_10_10_8_1_5,8_1,10_8_3_6_5_1,8_10,10_8,1_5_8_10_8_3,10_10"
NLB070606_01,"1_1,10_8,8_8_6_5,8_6_6,3_6_5_3_1,1_1_5_5,1_5_8_1_12,3_6_10_10_8,6_3","5_3,8_8,6_5,8_6,3_1,1_1,5_1_1_3_6,8_8_6_5_1,8_6_5_1_1,1_5,1_3,10_8_8_8_6_5,8_10,1_1_3_6,10_8,6_5_1_1_3_6,8_8_6_5_1_1,8_6_5_1_1_3,8_8_8_6_5_1,6_5_1_1_3"
NLB070693_01,"10_8,8_10_8_3,8_3_6_5_1,1_5_8","8_10,5_3,8_3,10_8,5_8_10_8_3,8_10_8_3,5_3_1,3_5,5_8_10_8,1_5_8_10_8,10_8_3,5_8_10,1_5_8_10_8_3,8_10_8,1_5,5_8,3_1,1_5_8_10"
NLB070732_01,"3_5_6_8_1,5_3,8_10_10_8_10_10","5_3,1_8,3_5,8_6,3_1,3_5_6_8_1,8_1,5_3_5_6_8_1,1_3_5_3_5,6_8_1_8,3_5_6_8_1_8,1_3_5_3_5_6,1_3,3_5_3_5_6_8,5_6,8_10,5_6_8_1_8,10_8,3_5_3_5_6,5_6_8_1"
NLB070740_01,"8_10_12_1,8_8_8_1","6_6_6_8_12_6,6_8,10_8,8_8,6_6_8_12_6_10,5_10_8_8_6,6_6_6_6_8_12,8_6,5_10,6_6_6,8_12,6_6,8_5,6_8_12,6_6_8_12_6,8_5_10_8_8_6,6_10_8_5_8_8"
NLB070748_01,"1_12_10_8_10_12_1,12_10,8_1_5_8_1,5_3_12_10_12,12_10_8","5_3_12_10_12_1,3_12_10_12_1_12,1_3_5_3_12_10,8_1,10_12,8_1_5_8_1,1_5_8_1_3_5,12_10,8_1_5,3_12_10_12_1,12_1,8_1_3_5_3_12,1_5,5_3_12_10_12,3_5_3_12_10_12,3_12_10_12,10_8,10_12_1,5_8,1_12"
NLB070801_01,"1_12_10_8,3_3_3_3","3_3,5_3,10_12_1_3_3_3,10_12_1_3_3,12_10,10_8,3_3_3,1_12,8_10_12_1_3_3,12_1_3_3_3_3,3_3_3_3_3,12_1_3_3_3,10_10,3_3_3_3,10_8_10_12_1_3,3_1,1_3"
NLB070839_01,"3_5_6_10_8_6_5_1_8,10_8_6_6_5,1_5_8","8_10,5_3,5_8_10_8,10_8,3_5,8_6_5,6_5_1_8_8_1,6_5_3_5_8_10,6_5,10_8_6_5_1,8_6,8_6_5_1,10_8_6,5_8,6_5_1,10_8_6_5,5_1_8_8_1_12,5_8_10_8_6"
NLB070996_01,"5_3_1_12,5_8_5,8_8_1,3_8,5_5_5_5,3_6_6_5_3_1","3_3,5_3,12_5_3_5,5_5,3_1_3,5_3_1,3_5,5_3_1_3_3_5,3_1_3_3_5,3_1_3_3,5_8_5_3_6_6,5_3_1_3_3,3_1,10_12_5_3_5,1_3,5_5_5,3_5_3"
NLB071014_01,"1_12_10_8_10_12_1,12_10,5_3_1_10,8_1_8_1,8_1_5_8_1,12_10_8","1_10_12_1_12_10,1_8,3_1_10_12_1_12,1_3_5_3_1_10,5_3_1_10_12,8_1,10_12,1_5_8_1_3_5,3_1_10_12_1,1_10_12_1,12_10,12_1,3_5_3_1_10_12,12_10_8,10_8,1_12_10,10_12_1,1_10_12_1_12,5_3_1_10_12_1,1_12"
NLB071016_01,"1_12_10_8,3_12_8,5_3_12_1","5_3,10_10_8,8_8,3_5,1_3_5,8_12_3,10_10_8_12,8_12_3_3_10,8_1,12_10,1_3_5_3_12,3_1_3_5_3_12,3_5_3_12,1_3,1_3_5_3_12_8,10_8,10_8_12_3,10_10,10_10_8_12_3,10_8_12"
NLB071064_01,"1_12_10_8_10_12_1,3_1_10,12_10,8_1_5_8_1,10_8_6_5","8_1_5_8,1_5_8_1_1,1_12_10_3_3,1_1,5_8_1_1,8_1,5_8_1,8_1_5_8_1,1_5_8,12_10,8_1_5,1_5_8_1,1_5,5_8_1_5_8_1,10_8,8_1_5_8_1_1,12_10_3_3_12_10,5_8,1_12"
NLB071082_01,"1_12_10_8_10_12_1,12_10,5_3_12_10,8_5_8_1,12_10_8","12_10_3_1,3_12_10_3_1,8_5_8_1,8_1,5_8_1,8_5,8_5_8,12_10,5_3_12_10_3_1,3_12_10_3_1_12,3_12_10_3,12_10_3_1_12_10,12_10_8,12_10_3_1_12,10_8,5_3_12_10_3,1_12_10,5_8,3_5_3_12_10_3,1_12"
NLB071227_01,"10_8,8_8_8_3,8_3_6_5_1,8_3_10_8_5,1_5_8","8_10,8_3,6_6_6_6,10_8,8_8,3_5,8_10_10_10_8_1,8_10_10_10_8,10_10_10_8_1_5,10_10_10_8_1,8_1,10_10,1_5_8_10_8_3,6_6_6,5_8,6_6,10_8_1_5_8_10"
NLB071237_01,"10_8_6_6_5,8_3,1_5_8,3_5_6_10_8_6_5_8","5_3,6_5,8_6,10_8_6_6_5_1,6_10_8_6_5_8,6_5_8_6_5_3,5_8_6_5_3_6,1_5_8,5_1_5_8_8_10,8_10_8,1_5,10_8_6_5_8_6,6_6_5_1_5_8,8_6_6_5_1_5,8_10,10_8,10_8_6,5_8,8_3_3_5_6_10,6_5_1_5_8_8"
NLB071369_01,"5_3,8_10_12_1,8_10_10_8_10_10","1_8,8_8,6_5,8_8_10_12_1_8,8_6,10_8_6_5_5_3,8_10_12,10_12,10_12_1_8_10_8,6_5_5_3_8,12_1,8_10_8_6_5_5,8_10,10_8_6_5_5,10_8,8_10_12_1_8_10,10_8_6,8_6_5_5_3_8,12_1_8_10_8_6,10_12_1_8_10"
NLB071441_01,"6_5_6_8_10_12_1_6,8_8_1,5_3_1","12_1_10_8,8_10,10_8,8_8,1_10_8,1_10_10_3,1_10_10_3_3_1,8_6_5,1_10,6_5,12_1,1_8_8_1_10_10,8_6,12_1_10,1_10_10_3_3,3_1,8_8_8,3_3_1_1_12_1"
NLB071478_01,"10_10_8,5_5_8_1_1,5_5_5_8_8_6,8_6_5,6_6_6_10_10_8,3_6_8_12_10_10","10_10_8,8_8,10_8_5_5_5,10_10_8_5_5_5,8_6,6_6,12_10_6_3_3,5_5_8,1_1,5_5,8_12_10_10_8_6,12_10_6_3_3_6,8_5_5_5_8,1_12_10_6_3,12_10,1_12_10_6_3_3,8_5_5_5_8_8,10_8,10_10,5_8"
NLB071666_01,"5_5_3_1,8_1","8_8,3_1_1_12,3_1,8_5_5_6_5_5,1_10_10_8_5_5,12_1_10_10_8_5,1_1,5_5,1_1_12_1_3_3,8_5,12_1_10_10_8,1_12_1_10_10,8_5_5_6,12_1,12_1_10_10,5_6,10_8,10_10,10_10_8_5_5_6,1_12"
NLB071669_01,"10_10_8_6_5_3,1_5_8,3_5_3","5_3,8_8,3_5,1_3_5,5_5_5_1_1_3,3_1,1_1,5_5,5_1_1_3_5_3,8_1,5_6_3_1_12,5_5_1_1_3_5,6_3_1_12_1,5_5_1_1_3,1_5,3_5_6_3_1_12,1_3,1_5_5_5_1_1,5_6_3_1_12_1,1_1_3_5"
NLB071944_01,"8_5_1,8_5_3,3_12_8","5_3,10_6,6_8,3_5,6_8_10_6_8_5,8_6,10_6_8_5_1_8,6_8_10_6_8,3_3,5_6_8_10_6_8,6_8_5_1_8,8_10_6_8,8_5,3_5_6_8_10_6,8_10_6_8_5_1,5_1,8_10_6_8_5,5_6,8_10,10_6_8_5_1"
NLB071957_03,"3_6_5_1,1_10_8","10_10_8,6_5,1_1_1_1_10_8,1_10_8_3,1_1,8_10_10_8,8_10_10,3_5_1_8_8_10,10_8_7_8_10_10,1_1_10_8_3_6,5_1,8_8_10_10_8_7,1_1_1,1_10_8_3_6_5,1_1_1_10_8_3,8_10,10_8,1_10_8_3_6,10_10,1_1_10_8_3"
NLB071958_01,"8_10_12_1,8_5_8_1,1_12_6","3_5_6_12_10,1_5_3_1_10_12,3_3_5_6_12_10,1_12,1_10_12_12_3_1,8_5_8_1,8_1,10_12,5_8_1,5_3_1_10_12_12,3_5_6_12_10_10,5_8,8_5,3_1,3_1_12_6_3_3,1_10_12_12_3,1_3,8_5_8"
NLB071974_02,"10_8_6_12,1_5_8","8_1_6_3,5_3,8_8,6_5,8_6_12_1_5_8,3_1,1_5_8_1_6_3,1_6_3_1_12,6_12_1_5_8_1,1_1,6_3_1_12_8_10,1_5_8_1_6,8_1,6_3_1_12_8,12_1,1_3,8_10,8_1_6_3_1_12,8_1_6_3_1,1_12"
NLB072003_01,"8_8_6_5_3,1_10,8_1,5_5_5_5","3_3,5_3,5_5_5_5_5,6_5_3_1_10,1_1,5_5,8_8,3_6_5_3_1_10,5_6_8_6_5_5,6_5,1_1_1,5_5_5_5,3_1,6_8_6_5_5_3,5_5_5"
NLB072015_01,"8_8_6_5_3,5_5_5_5,1_8,8_1","3_3,5_3,5_5_5_5_5,5_1_5_3_3_12,1_1_3_5_5_1,5_5,5_3_3,3_5,5_1,5_3_3_12_12_1,6_5,5_5_5_5,3_3_5_6_8_5,5_3_3_12_12,5_5_5,3_12_12_1"
NLB072085_01,"10_8,6_5_3,8_1,3_5_7_8","5_3,8_8,6_5_3,8_3_5_8,3_5,8_1_3_6_5_3,6_5,8_3_5_8_1,1_3_5_8_1_3,8_1,10_8_3_5,3_5_8_1,3_5_8,10_8_3_5_8_1,1_3,10_8,8_3_5,3_1_3_5_8_1,10_8_3_5_8,5_8"
NLB072103_01,"8_10_8_6_3_1,1_8_8_6_5_3","6_8,8_5_5_5_6_8,8_6_6_5_3_3,8_1_8_1,8_6,5_6_8,8_10_10_8_6_6,3_3,5_5,8_5_5_5_6,1_8_1_8,10_10_8_6_6,6_6_5_3_3_3,8_1_8_1_8,10_10_8_6_6_5,5_6,8_10,10_8,10_8_6,6_8_10"
NLB072154_01,"1_12_10_8,1_1_1_1","1_12_10_8_1,1_1,12_10,10_8,8_8,1_1_1_1_1,1_1_1_1,8_1_12,8_1,8_1_12_10_8,1_1_1,8_1_12_10_8_1,12_10_8_1,1_1_1_1_1_8,12_10_8,1_12,8_1_1_1_1"
NLB072237_01,"10_8,8_10_8_3,8_3_6_5_1,1_5_8","8_10,8_3,6_6_6_6,10_8,5_5,1_1,10_8_3,3_5,10_8_3_6_5,10_8_3_6,8_3_6,8_3_6_5,8_1_3_5_5_5,8_1,10_10,6_6_6,6_6,8_1_3_5_5"
NLB072248_01,"1_3_5_5_5_3,5_3_1","5_3,3_5,3_1_1_12,1_12_10_10_8_5,3_1,3_3,1_1,5_5,5_3_1,3_5_1_5_3_5,5_5_3_3_3_1,1_3_5_1_5_3,3_1_1_12_10,12_10_10_8_5_3,1_1_3_5_1_5,3_1_1,1_3,3_3_3_1_1_12,1_12"
NLB072250_01,"8_1_3_3_5,1_8,5_3_1","5_3,8_8,3_5_3_3_1_1,3_1,3_3_5_3_3_1,1_3_3_5_3_3,3_3,1_1,10_12_1_8_6_5,10_12,8_1_3_3_5_3,3_3_1_1_1,8_10_12_1_8_6,10_12_1_8_6,12_10,5_3_3_1_1_1,12_1,1_1_1,3_3_1_1_1_1,10_10"
NLB072253_01,"1_3_3_5_6,3_12_8","5_3,12_10_5,12_8_12_10_8,12_8_12_10_8_10,3_1,5_3_12_8_12,5_3_12_8_12_10,5_3_12,5_3_1,3_12_8,10_12,12_8,3_12,12_10,5_3_12_8,12_8_12,8_10,10_8,12_8_12_10"
NLB072254_01,8_8_1_3_3_5_10_8_1_3_6_8_8_5,"3_3,5_6_3_3_3,8_8,3_5,8_1_3,8_8_8_1_3,8_8_1_3,12_1_8_8_8_1,8_1,6_5,3_6,8_8_8,3_6_5_3,1_3,5_6,8_1_3_6_8_8"
NLB072255_01,8_1_3_3_5_8_5_1_8_8_6_5,"1_8,8_8,3_5,3_5_8_5_1,5_1_8,5_8_5_1,5_5,8_1,5_8_5_1_8_8,8_8_1_3,5_1,1_5,5_8_5_1_8,3_5_8_5_1_8,3_3_5_8_5_1,1_3,8_10_10_10_8_8,10_10,5_1_8_8,5_8"
NLB072256_01,"3_8,1_3_5_5_6_8,5_3_1","5_3,6_8,6_5_3_3_5_3,6_5_3,3_5,12_1_5_3_8,6_5,3_1,1_3_5_5_6_8,5_5,5_3_1,3_5_3_1_3_1,12_10_1_8,1_3_1_12_12_10,1_12_12_10_1_8,12_1_5_3_8_5,3_1_3_1_12_12,12_12_10_1_8,1_3,5_6"
NLB072257_01,8_1_3_3_5_10_8_5_1_10_8_6_5,"5_3,10_8,8_8,5_5,6_5_5_3_1_12,3_5,5_1_10_8,8_6_5,8_5_5_5_5_8,8_5_1_10_8_6,6_5,8_6,10_8_8_1_3_3,5_1_10_8_6,8_5,5_3_5_6_5_5,5_5_5,5_1_10_8_6_5"
NLB072283_01,"8_10_8_5_3_1,3_8_6_5_3_1","5_3,8_8,6_5_3,8_6_5,6_5,8_6,3_1,8_8_8,5_3_1,3_8_6,5_5_3_8_6,5_5_3_8_6_5,3_8_6_5,8_6_5_3,3_8_6_5_3,3_8_6_5_3_1,5_3_8_6_5,5_3_8_6,5_3_8_6_5_3"
NLB072284_01,"8_10_8_5_3_1,3_8_6_5_3_1","5_3,6_5_3,8_6_5,6_5,8_6,3_1,3_1_3_8,1_3_8_6,1_3_8_6_5_3,5_5,5_3_1,1_5_5_3_1_3,8_1,1_3_8_6_5,5_3_1_3_8,3_1_3_8_6,8_6_5_3,3_1_3_8_6_5,5_5_3_1_3_8,5_3_1_3_8_6"
NLB072285_01,"8_8_10_8_12_12_1,3_8_5_3_1","5_3,8_8,8_3_1_3_5_6,3_1,8_3_1_3_5,3_1_3_8_5_3,5_5,8_10_8_12_12,5_3_1,8_5,6_8_8_10_8_12,8_8_10_8_12,10_8_3_1_3_5,8_8_10_8_12_12,10_8_12_12_1,8_10_8_12_12_1,1_3,5_5_5,8_10,10_8"
NLB072286_01,"3_8_8_5_3_1,8_10_8_5_3_1","5_3,8_8,3_1_3_8_8_5,3_1,3_3,3_8_8_5_3_1,3_8_8_5_3,5_5,5_3_1,3_1_3_8_8,8_5,5_3_1_3_8_8,5_3_1_3_8,1_3_8_8_5_3,8_5_3,5_5_3_1_3_8,5_5_5,8_5_3_1,1_3_8_8_5"
NLB072287_01,3_8_8_5_3_1,"5_3,8_8,3_8,3_1,5_5,1_5_5_1_3,8_1,8_5,5_1_3_8_8,8_8_5_3_1_8,8_1_5_5_1_3,5_1_3_8_8_5,5_5_1_3_8,5_1,8_1_5_5_1,1_5,5_5_1_3_8_8,1_3_8_8_5_3,1_3,1_5_5_1_3_8"
NLB072288_01,"3_5_6_5_3_1,8_8_8_6_3_1","5_3,8_8,3_5,1_3_5,5_3_1_3_5,6_5,3_1,5_5_3_1_3_5,3_1_3,5_3_1,1_5_5_3_1_3,3_1_3_5_6_5,5_3_1_3_5_6,1_5_5_3_1,1_3_5_6,8_1_5_5_3,1_3,5_6,8_1_5_5_3_1,3_1_3_5_6"
NLB072289_01,"1_8_6_5_3,8_10_8_6_3_1","6_8,8_5_5_5_6_8,8_6_6_5_3_3,8_1_8_1,8_6,5_6_8,8_10_10_8_6_6,3_3,5_5,8_5_5_5_6,1_8_1_8,10_10_8_6_6,6_6_5_3_3_3,8_1_8_1_8,10_10_8_6_6_5,5_6,8_10,10_8,10_8_6,6_8_10"
NLB072299_01,"6_5_6_8_10_12_1_6,8_1,5_3_1","8_8,8_8_1_8_10_12,6_5,1_1,8_10_12,8_5_5_6_5_6,10_12,8_10_12_1,8_1_8_10_12_1,1_8_10_12_1_10,5_5_6_5_6_8,1_10_8_5_5,12_1_10_8_5_5,12_1,10_8_5_5_6_5,1_10_8_5_5_6,5_6,8_10,10_12_1,12_1_10_8_5"
NLB072306_01,"6_5_6_8_10_12_1_6,8_1_1,5_3_1","5_3,8_8,8_6_5,6_5,8_6,3_1,1_1,1_1_8_8_1,8_1,6_5_6_8_10_12,6_8_10_12_1_6,1_8_8_1_12_10,8_1_1_8_8,10_12_1_6_5_3,8_1_1_8,8_1_12_10_8_6,8_1_1_8_8_1,8_10,10_8,1_1_8_8_1_12"
NLB072311_01,"6_5_6_8_10_12_1_6,5_3_1","5_3,8_6_5,6_5,8_6,1_8_8_1_10_8,3_1,1_8_8_1_10,8_8_1_10_8_6,1_1,8_8_1_10_8,5_3_1,8_8_1_10,1_1_8_8_1_10,8_1_10_8_6,1_1_1,8_1_10_8_6_5,10_8,5_8,1_1_8_8_1"
NLB072355_01,"5_3,6_6,5_3_1","5_3,3_3_8_8_5_3,6_8,8_8_5_3_1_3,1_3_3_8_8_5,6_5,8_6,8_6_5_1_5_3,6_8_6_5_1,6_6,3_1,3_3_8_8_5,5_3_1,5_1,6_6_8_6_5_1,1_5,1_3,6_8_6_5_1_5,1_3_3_8_8,1_1_3_3_8_8"
NLB072355_02,"5_3,6_6,5_3_1","5_3,6_8,6_6_8_6,5_3_1_5_3,6_6_8,6_5,8_6,6_6,3_1,3_1_5_3,5_3_1,6_6_8_6_5_3,6_8_6_5_3_1,1_5,6_5_3_1_5_3,1_3,8_6_5_3_1_5,6_8_6_5_3,6_6_8_6_5"
NLB072355_12,"5_3,5_3_5_1,6_6,5_6","5_3,6_5_3,3_5,5_3_1_3_5,8_6_5,6_5,8_6,6_5_3_1_3_5,3_1_3_5_3,3_1,3_1_3,5_3_1,8_6_5_3_1_3,6_5_3_1_3,6_8_6_5_3_1,1_3,8_6_5_3_1,1_3_5_3,5_3_1_3_5_3"
NLB072356_02,"8_6,5_3,5_3_1","5_3,6_8_6_5_3_1,6_5_3,8_6_8_6,5_3_1,3_5,5_3_1_3_5,8_6_5,6_5_3_1,6_5,8_6_8_6_5_3,8_6,6_5_3_1_3_5,3_1,8_6_5_3_1_3,6_5_3_1_3,8_6_8_6_5,1_3"
NLB072357_01,"8_6,5_3,5_3_1","5_3,6_5_3,3_5,6_5,8_6_8_6_5_3,8_6,3_1_3_5_3,3_1,3_1_3,5_3_1,8_6_5_3_1_3,6_8_6_5_3_1,8_6_8_6,1_3,8_6_8,5_3_1_3_5_3,6_8_6_5_3,8_6_8_6_5,3_5_3"
NLB072358_01,"8_6,8_8_6,5_3_12_1,5_3","5_3,6_6_6_5_1,6_6_5_1_1,6_5,1_1_5_3,8_6,6_6,3_1,6_5_1_1_5_3,3_3,1_1,5_1_1_5_3,8_6_6_6_5_1,6_5_1_1_5,6_6_6_5_1_1,5_1_1_5,5_1,1_5,1_3,6_6_5_1_1_5"
NLB072359_01,"5_3,5_3_1","5_3,6_8,3_5,8_6_5,6_5,8_6_5_1_3,6_5_1_3_5,8_6,6_8_6_5_1,3_1,1_3_3_8_6,6_5_1_3,5_3_1,6_8_6_5_1_3,6_5_1_3_5_3,8_6_5_1_3_5,1_3,5_1_3_5_3_5,1_1_3_3_8_6,3_5_3"
NLB072360_01,"8_6,5_3,5_3_1","5_3,6_8,6_5_3,3_5,6_5,8_6_8_6_5_3,8_6,3_1_3_5_3,3_1,5_3_1,8_6_5_3_1_3,6_8_6_5_3_1,8_6_8_6,1_3,8_6_8,6_5_3_1,5_3_1_3_5_3,6_8_6_5_3,8_6_8_6_5"
NLB072378_01,8_1_1_3_5_5_10_8_3_3_1,"5_3,5_5_8_8_5,8_6_5_5_8_8,8_8,5_3_3,8_6_5,6_5,5_5_8_8_5_3,8_6,3_8,3_3,5_5,3_8_1_1_3_5,5_10_8_3_3_1,3_3_8,3_5_5_10_8_3,3_8_8_6_5_3,10_8,3_5_5_10_8"
NLB072441_01,"6_5_6_10_8,10_8,5_5,8_8_6_5,6_6,3_5_6_3_1,1_1_8_8_1_12","6_5_6,6_5_6_10_8,10_8,8_8,5_5,8_8_8_6_5_5,8_6_5,6_5,8_6,8_8_6_5_5_5,6_6,6_6_5_6,8_8_6,6_5_6_10,8_6_5_5_5,5_6,10_8_8_8_6_5"
NLB072450_01,"1_3_5,12_10_8,8_3_1,5_3_1","5_3,8_8,6_5,8_6,8_10_3_1,3_1,5_5_5_3_1_12,8_3,5_5,8_8_5_6_10_8,8_5,8_5_6_10_8_6,8_8_5_6_10,3_1_12_10,8_10,10_8,8_5_6_10,6_5_8_10_8_3,8_5_6_10_8"
NLB072457_01,"8_6,5_3,5_3_1","5_3,6_5_3_1_1_1,1_1,6_5_3,1_1_1_3_5_3,5_3_1,6_5_3_1,3_1_1_1_1_3,6_5,8_6,1_1_1,3_1,5_3_1_1_1_1,1_1_1_1_3_5,8_6_5_3_1_1,3_1_1_1_1,1_3"
NLB072482_01,"1_5_8_1_1_3_3_5,8_8_8_6_5,10_8_8_10_10_8","8_8,6_5,8_6,10_10_8_6_5_6,8_8_6_5_1_5,8_1,3_3_5_1_1_12,8_5_8_1_12_10,1_3_3_5_1_1,6_5_6_8_8_8,8_6_5_6_8_8,12_10,5_1,6_5_6_8_8,10_8,10_10,3_5_1_1_12,5_8,3_3_5_1_1,1_12"
NLB072497_01,"5_3_1,3_8,12_10_8","5_3,10_10_8,8_10,10_8,8_8,12_10,10_8_1_12_12_10,3_5,8_8_10_10_8_1,8_1,10_10,12_12_10_10,10_8_1,12_12_10_10_8,10_10_8_1_12_12,8_8_8,8_10_10_8_1_12,8_8_8_8"
NLB072499_01,"8_10_10_8_10_10,1_5_8_1","1_5_8_1_8,8_8,8_6_3,8_6,8_8_6_3_5,6_3_5_5,8_8_6_3_5_5,1_1,5_8_1_8_8,1_5_8_1_8_8,8_6_3_5_5,8_1,1_5_8,1_1_5_8_1_8,1_5,1_1_5_8_1,6_3,8_10,10_8,5_8"
NLB072500_01,"10_8,8_10_8_3,8_3_6_5_1,1_5_8","8_8,5_8_10,10_10_10_8_1,6_6,1_5_8_10,5_5,8_10_10_10_8_1,1_5_8_10_8,10_10_10_8_1_5,8_5,8_8_5_5_5,8_10_8,8_10,10_8,1_5_8_10_8_3,10_10,5_8,8_8_8_5_5_5,8_8_8_5_5"
NLB072505_01,"8_8_8_6_5,10_8_8_10_10_8,1_1_5_8_1_1_3_3_5","10_8,1_1,8_8,12_10,5_6_5_6_8_8,10_8_1_8_8_6,10_10_8_5_6_5,1_8_8_6_3_1,3_3_5_1_1_1,8_1,10_10,6_5,5_1_1,8_8_8,8_10_10_8_5_6,1_12,5_6,1_1_5_8_1_1"
NLB072553_01,"5_10_8,5_3_1_12,8_8_6_5","5_10_8_3_10_8,5_3,6_5_3,8_8,3_5,6_5,6_5_10_8_3,8_6,1_12_1_6,5_10_8_3_10,6_8_6_5_10,5_3_5_6_8_6,5_3_5,6_8_6_5_10_8,3_5_6,5_6,10_8,8_6_5_10_8_3,6_5_3_5_6,6_5_10_8_3_10"
NLB072559_01,"5_5_5_1,5_8_8_5,3_6_5_3_12_1,8_8_1,3_8,5_1_1_12","5_3,8_8,5_5_1_3_12_1,5_5,1_3_6_5_3_12,8_5_6_1,8_1,1_3_12_1_3_3,3_12,6_1_3,5_1,12_1,1_5,5_5_1_3_12,1_3,6_1_3_6,6_1_3_6_5_3,3_12_1,8_5_6_1_3"
NLB072565_01,"3_8,8_5_3,5_10_8,6_8_10_8","5_3,3_5,3_5_10_8,1_3_5_10_8,8_5,10_8_5,1_3_5_10,1_3_5_10_8_5,3_5_10,5_10,8_5_3,1_3,10_8_5_3,8_10,10_8,3_5_10_8_5,5_10_8_5,3_5_10_8_5_3,5_10_8_5_3"
NLB072567_01,"8_10_10_8_6_5,10_8_8_10_8_8,8_10_12_1_1_3_3_5","8_10,5_5_3_10_12_1,10_8,8_8,5_5_3_10_12,10_12_1,12_1,10_12,8_6,6_5,1_5,5_8,10_12_1_1_3_3,12_1_1_3_3,12_1_1_3_3_5,1_5_5_3_10_12,12_1_8_10_8_8,3_1_5_5_3_10"
NLB072585_01,"8_5_1,6_5_6_8_10_10_10,10_8_6_5","8_8,8_5_1_1_1_1,8_6,5_1_1_1_1,3_3,8_5_1_1_1,1_1,5_5,1_1_1_1_3_3,5_1_1_1_1_3,8_5,1_1_3_3_1_3,5_1,3_3_1_3_5_5,1_3_3_1_3_5,1_1_1,1_3,10_10,1_3_3_1_3"
NLB072587_01,"5_5_5_3_1_8_1_3_5,5_3,3_1,5_5_5_5_3_1_8_1_3_5","5_5_3_1,5_3,3_1_8_1_3_5,5_5,5_3_1,3_5,5_3_1_8_1_3,5_5_5_3_1_8,3_1_8_1_3,5_5_3_1_8_1,5_5_5_3_1,5_5_5_5,3_1,5_5_3,1_8_1_3_5_5,5_5_5_3,5_5_5"
NLB072587_02,"5_3,8_1_3_3_5_8_1_3_5,3_1,5_5_5_5_3_1_8_1_3_5","3_3,5_3,3_5_5_5_5,5_5_3_1,5_5_5_5_3_1,5_5,3_5,8_1_3_5_5_5,8_1,5_5_5_5,3_1,3_5_5_5_5_5,1_3_5_5_5_5,5_5_3,1_3,5_5_5,5_5_5_5_5_3"
NLB072614_01,"1_8_8,8_6_5_3,3_5_3","5_3,3_5_6_6_5_3,8_8,3_5,1_3_5,6_5,3_1,6_6,3_1_8_8_1_1,5_3_1,8_1,3_5_6_6,1_3_5_6_6_5,1_1_3_5_6_6,5_5_3_1_12_1,1_8_8_1_1_3,1_3,5_6_6,1_5_5_3_1_12"
NLB072624_01,"1_12_10,10_8_12_3_5_1,8_1","5_3,10_8,1_8,8_12_3_5,10_8_12_3_5,8_6_5,6_5,8_1,8_12_3_5_1,8_6,8_12,3_1,12_3,1_8_6,10_8_12,1_8_6_5,10_8_12_3_5_1,12_3_5_1"
NLB072627_01,"1_8,8_1,8_8_8_6_5_3,5_5_5_5,8_8_6_5_3","3_3,5_3,5_5_5_5_5,6_6_6_5_5_3,1_1,8_8,5_5,12_3_3_5_6_6,1_12_3_3_5,6_5,6_6_6_5_5,12_3_3_5_6,5_5_5_5,6_6,3_1,1_12_3_3_5_6,5_5_5"
NLB072647_01,"8_6_5_3,1_5_8,3_5_3","5_3,3_5,1_3_5,6_6,3_1,1_1,5_6_6_6_8_6,8_1,3_5_6_6_6_8,8_1_1_3_5_3,3_1_5_8_1_1,5_8_1_1_3_5,3_12_10_12_1,1_1_3_5_3_12,12_1,1_5,5_3_12_10_12,1_3,3_12_10_12,5_6_6_6_8"
NLB072664_01,"8_10_8_6_10_6_5,10_8_8_10_8_8,8_10_12_1_1_5_3_5_6_5","8_10,10_8,8_8,12_1_1_5,8_10_12,12_1,10_12,6_5,10_12_1,8_6_10_6_5_8,8_10_12_1,12_1_1_5_3_5,3_5_6_5_8_6,12_1_1_5_3,1_12"
NLB072665_01,"1_10_8,3_12_10_8,8_6_5_3,1_5_10_8,6_6_10_10","5_3,8_8,5_6_6_10_10,6_5,8_6,6_6,12_1_5_10_8_6,10_12_1_5_10,12_1_5_10_8,3_12,10_12_1_5_10_8,12_1,5_8_5_3_12_1,8_10_12_1_5_10,8_10,10_8,5_3_12_10_8_10,3_5_6_6_10_10,10_8_6,5_6_6_10_10_8"
NLB072688_01,"6_8_10_10,8_6_5_3,3_12_8,8_5_1,3_10_8","5_3,10_8_6_5_3,6_5_3,3_5,8_6_5,3_10_8_6_5,6_5,8_6,3_10,3_10_8,1_3_10_8_6_5,1_3_10,3_10_8_6_5_3,8_6_5_3,1_3_10_8,1_3,10_8,1_3_10_8_6,3_10_8_6"
NLB072690_01,"8_8_6_5_3,5_5_5_5,1_8,8_1","3_3,1_1_3_5_1,5_5_5_5_5,1_1,8_8,5_5,3_5,3_5_1_8,5_1,8_1_1_3_5_1,8_1,1_1_3_5_1_8,8_1_1_3_5,5_5_5_5,1_3_5_1_8,1_3,5_5_5"
NLB072691_01,"6_8_10_10,8_6_5_3,3_12_8,8_5_1,3_10_8","5_3,10_8_6_5_3,10_8,3_5,3_10_8_6_5,6_5,8_6,3_10_8,1_3_10_8_6,5_1_3_5_8_5,3_10,8_5,1_3_10_8_6_5,3_10_8_6,1_3_10_8,1_3_10,3_10_8_6_5_3,1_3"
NLB072708_01,"8_8_6_5_3,5_5_5_5,1_8,8_1","3_3,5_3,5_5_5_5_5,8_1_1_1_3,1_1,5_5,8_8,5_3_1,6_6_5_5_3_12,8_1,3_5_3_1_8,5_5_5_5,3_1,8_1_1_1,5_5_5"
NLB072714_01,"6_8_10_10,8_6_5_3,3_12_8,8_5_1,3_10_8","5_3,6_8,3_5,8_6_5,3_10_8_6_5,6_5,8_6,3_10,3_10_8,1_3_10_8_6_5,1_3_10,3_10_8_6_5_3,1_3_10_8,1_3,5_6,10_8,6_5_8_3_1,1_3_10_8_6,6_8_6_5_8_3,3_10_8_6"
NLB072721_01,"5_5_8_8_6,10_10_10_1_12_10,8_6_5,10_8_8_10_8_8,1_5_8_8,6_6_10_10_8","8_8,6_6_10_10_8_1,10_8_1_5_8_8,8_6,5_8_8_1_1_12,6_6,8_8_8,1_12_10_10_10_1,8_1,8_8_1_1_12,1_5_8_8_1_1,8_10,10_8,6_10_10_8_1_5,10_10,5_8,8_8_1_1_12_10,8_8_10_8_8,1_12"
NLB072754_01,"10_8_8_10_8_8,1_5_8_1_1_3_8_1","5_3,8_8,1_8_8_3_6_5,8_1_1_3_8_1,6_5,3_6,1_1_3_8_1,8_5_1_8_8_3,8_1,1_3_8_1,12_10,1_5_8_1,1_5,12_10_3_6_5_3,10_3_6_5_3,10_8,3_6_5_3_1,5_8,3_6_5_3,1_12"
NLB072774_02,"8_1_3_5_3_3_1_5_3,8_1_3_5_3_1_5_3,3_1","3_1_5_3,5_3,1_3_5_3,10_8,1_3_5_3_1,3_1_5_3_8,5_3_1,3_5,1_3_5,10_10_8_5_10,8_1,1_5_3_8,1_5,3_1,5_3_1_8_5_1,8_1_3_5_3,1_3,3_5_3"
NLB072813_01,"5_8_8_5,5_3_1_12,8_8_1,3_6_5_3_1,5_5_5_5","5_3,8_8,3_1_12,10_12_5_3_1_12,3_1,12_5_3_1_12,5_5,5_3_1,1_12,12_10,8_8_5_3_6_5,5_8_8_5_3_6,5_3_1_12_10,1_5,5_3_12_1_3_3,3_1_12_10,1_12_10,10_12_5_3_1,5_5_5_5_3_12"
NLB072823_01,"6_5_6_8_10_10_10,8_6_5,8_8_1,8_1","6_8,5_6_8_10_8_6,8_6,5_6_8_10,5_6_8,1_3_1_3_5,1_1,1_1_1_3_1_3,8_1,6_8_10,1_1_3_1_3_5,6_8_10_8_6,1_3,5_6,8_10,1_3_1_3,1_1_1_3_1,1_1_3_1_3,8_1_1_1_3_1,1_3_1_3_5_5"
NLB072837_01,"5_3_1_12,5_8_5,8_8_1,3_6_5_3_1,3_8,5_5_5_5","5_3,8_8,3_5,1_12_10_1_5_3,3_1,10_1_5_3_5,10_1_5_3_5_3,5_5,5_3_1,12_10_1_5_3,12_10_1_5_3_5,3_1_12_10_1_5,12_10_1_5,12_1,1_5,5_5_5,1_5_3,1_12_10_1_5,10_1_5_3"
NLB072851_01,3_5_3_1,"5_3,6_8,5_3_1_1_5_6,3_1,5_1_1_1_5,5_1_1_1_5_3,1_1,1_1_5,1_1_1_5_3_1,3_1_1_5_6,5_1,1_5,1_1_5_6_8_10,5_6,8_10,10_8,5_5_1_1_1_5,1_1_1_5_3,1_1_5_3_1_1"
NLB072851_02,3_5_3_1,"3_1_1_5_3_1,5_3,3_1_1_5_6_8,1_1,5_3_1_1_5,5_3_1,3_1_1_5,3_1_1_5_3,1_5,1_1_5,3_1,3_1_1,5_3_1_1,1_1_5_6_8_8,5_3_1_1_5_3,1_1_5_3_1_1,1_5_3_1_1_5"
NLB072862_01,"5_3_1_12,8_8_1,5_8_1,3_8,5_5_5_5,3_6_6_5_3_1","5_3,3_5,3_1,5_8_1_3_6_6,1_3_6_6,1_3_6_6_5,1_3_5_8_1_3,5_5,5_3_1,8_1,8_1_3_6_6,1_5,8_1_3_6_6_5,1_3,5_5_5,3_1_3_5_8_1,1_3_6_6_5_3,3_5_8_1_3_6,3_5_3"
NLB072871_01,"1_3_5,12_10_8,5_3_1","5_3,8_8,8_6_5,3_5_8_10_1,6_5,8_6,3_1,5_8_10_1_12_10,10_8_3_8_8_8,3_5_8_10_1_12,5_5,5_8_10_1,5_8_10_8_3_8,1_3_5_8_10_1,8_5_8_10_8_3,5_6_8_5_8_10,8_10,10_8,5_8,5_8_10_1_12"
NLB072881_01,"1_8_8,8_6_5_3,3_5_3","5_3,8_8,6_5_3,5_3_1,3_5,1_3_5,1_5_3_1_12_1,6_10_8_6_5_3,1_8_8_5_3,6_5,1_8_8_5_3_6,8_6,8_5_3_6_6_5,3_1,8_8_5_3_6_6,3_1_8_8_5_3,8_8_5_3_6,1_3"
NLB072883_01,"5_8_5,8_8_1,3_1_12,5_5_5_5,3_5_3_1","5_3,12_10,5_5,5_8_5_5_5_3,5_3_1,3_5,1_12,3_1_12_10,3_3_5_8_5_5,12_5_3_1_12,3_1_12,3_5_8_5_5_5,10_12_5_3_1_12,3_1,3_5_8_5_5,5_8_5_5_5,1_3,5_5_5"
NLB072886_01,"6_5_6_8_10_10_6_6,6_5_6_8_10_12_1_6,8_1,5_3_1","5_3,1_8,8_8,1_10_8_5,8_10_12_1_10_8,8_8_1_8_10_12,6_5,8_1_8_10_12,8_10_12_1_10,3_1,10_12_1_10_8_5,1_1,10_12,1_8_10_12_1_10,8_1_8_10_12_1,8_8_1_8_10,12_1,8_10,10_8,12_1_10_8_5"
NLB072886_02,"6_5_6_8_10_12_1_6,8_1,5_3_1","5_3,1_8,8_8,1_10_8_5,8_8_1_8_10_12,6_5,8_1_8_10_12,10_12_1_10_8_5,8_10_12,10_12,8_10_12_1,1_8_10_12_1_10,8_1_8_10_12_1,8_8_1_8_10,10_12_1_6_5_3,12_1,10_12_1_6,8_10,10_12_1,12_1_10_8_5"
NLB072895_01,"5_3_1_12,5_8_5,8_8_1,3_8,5_5_5_5,3_6_6_5_3_1","5_3,8_8,3_5,10_12_5_3_5_3,3_1,12_5_3_5_3,12_5_3_5_3_8,5_5,5_3_1,12_10_12_5_3_5,12_5_3_5,12_10,8_5_3_6_6_5,10_12_5_3_5,5_5_5,5_8_5_3_6_6,8_5_3_6_6,1_12,3_5_3"
NLB072897_01,"10_8_6_6_5,8_3,1_5_8,3_5_6_10_10_8_8_5","8_8,3_5,10_10_8_8_5_1,10_10_8_8_5,8_3,1_3_5_8_3,5_6_10_10_8_8,6_10_10_8_8_5,1_5_8,5_1,8_10_8,1_5,10_8_8_5_1_3,5_8_3_5_1,8_10,3_5_8_3_5,10_8,8_8_5_1_3_5,5_8,5_1_3_5_8_3"
NLB072898_01,"5_3_1_12,8_8_1,8_1,3_6_5_3_1,5_5_5_5","5_3,1_8,8_8,3_1,8_8_5_3_6,8_5_3_6_5,5_5,5_3_1,1_3_5_8_8_5,8_1,8_1_5,1_8_8_1_5_5,8_8_5_3_6_5,5_8_8_5_3_6,5_8_8_5_3,1_5,8_5_3_6_5_3,5_5_5,3_5_8_8_5_3"
NLB072898_02,"5_5_5,3_8,8_1,3_6_5_3_1","5_3,1_8_1_5_5_3,8_1_5_5,1_8,5_5,8_1_5,5_3_1,1_8_1_5_5,8_1,1_5_5,1_5_5_3,1_5,3_1,8_5,1_8_1_5,5_5_3,8_1_5_5_3"
NLB072912_01,"1_12_10_8,3_5_3_3","3_3,5_3,1_1,3_5_3_3,1_12_10_8_1_1,5_3_3,3_5,3_5_3_3_5,12_10_8_1_1,3_3_5,3_1,10_8_1_1_3_5,8_1_1_3_5_3,5_3_3_5_3,3_5_3_3_5_3,12_10_8_1_1_3,5_3_3_5,3_5_3"
NLB072920_01,"1_12_10_8,3_3_3_3","3_3,1_12_10_8_1,12_10,5_5,10_8,10_8_5_1_12,3_3_3,1_12,1_12_10,3_3_3_3_3_3,3_3_3_3,12_10_8_5_1_12,12_10_8_1,3_3_3_3_3"
NLB072946_01,"1_12_10_8,3_3_3","3_3,1_1_12_10_8_1,10_8_1_1_3,1_1,12_10,10_8,1_12_10_8_1_1,3_3_3,1_12,3_3_3_3_3_3,8_1,12_10_8_1_1,3_3_3_3,12_10_8_1_1_3,3_3_3_3_3"
NLB072967_01,"1_1,6_5_3,8_8_6_5,8_8_10_8,10_8,6_8_10_10_8,8_8_10_12_1_12,1_5_8_6,6_6,3_5_6_3_1","10_8_8,8_10,8_8_8_6_5,10_8,8_8,5_1_5_6_8_10,8_6_5,8_10_10_8_8,6_5,10_8_8_8_6,8_10_10_8_8_8,8_6,5_8,10_8_8_8,8_8_8,10_10_8_8_8,5_6,10_8_8_8_6_5"
NLB072968_01,"10_8_1_12_3_1,9_8_1_12_3_1,8_1,1_10","3_1_10_10,3_1,8_1_12_3_1,1_1,8_1,1_3_1_10,8_1_1,12_3,12_12,8_1_12_3,8_1_1_3_1_10,1_1_3_1_10_10,1_3_1_10_10,1_12_3_1,10_8,1_10,1_1_3_1_10,10_10,1_12"
NLB073031_01,"10_10_8,3_3_10_10_8,1_5_8_8,8_10_8,8_6,1_5,1_5_8_1_12,3_5_6_3_1,5_6_8,6_3","5_3,3_5,6_5_1_5,6_5,8_6,5_6_3,3_3,8_1,5_1_5,1_5,6_5_1_5_3,10_10_12_10_10_8,5_1_5_3,3_5_6_3,8_1_10_6_5_1,5_6,10_8,10_10,5_1_5_3_5_6"
NLB073046_01,"5_1,1_10,1_3_8_5_5_1_3_8_5,6_5_3_1_8_1_3_5,3_12_1","5_3,8_8,3_5,5_1_3_8,6_5,1_3_8,3_1,5_1_3_8_5,5_1_3_8_5_5,5_5,8_5,1_3_8_5,3_8_5_5,5_1,1_3,5_5_5,5_1_3,3_8_5,1_3_8_5_5"
NLB073076_01,"3_6_5_3_12_1,5_3_1_12,5_8_5,8_1,3_8,5_5_5_5","5_3,8_3_3_5_3,3_8_8_1_1,3_5,3_8_8_1_1_5,1_1_5_5_5_5,3_1,8_8_1_1_5_5,5_3_6_5_3_12,5_5,5_3_1,8_1,12_10,1_5,10_8_3_3_5_3,3_1_3_5_8_5,5_5_5,8_3_3_5_3_8,1_12,8_1_1_5_5_5"
NLB073120_01,"10_8,8_1,8_8_8_1_6,5_10,8_10_12_1","5_3,8_8,6_5,3_1,6_5_3_8_8_8,3_5_8_8_8_10,8_8_8_1_6_5,8_8_1_6_5,5_3_1,1_12,8_1,8_8_8_1_6,12_10,8_10,10_8,3_8_8_8_1_6,12_10_8_10_8_8,1_3_5_8_8_8,10_8_10_8_8_1"
NLB073146_01,"5_5,6_5_3,8_10_8,8_6,5_6_8,8_10_6_5,3_10_10_8_1,1_1_5_8_12_12_12","5_3_1_5_10_8,5_3,10_6,6_8,3_5,6_5,8_6,5_3_1_5_10,1_5_8_12,10_6_5_5,10_6_5_5_5,12_12,10_6_5_5_5_3,1_1_5_8_12_12,1_5_8_12_12_12,1_5,1_5_8_12_12,5_6,8_10,10_8"
NLB073150_01,"8_3_1,6_5_3_1,8_1","8_1_1_6,8_10,10_8,1_1,8_8,1_1_1_3_1_12,8_1_1_6_5_3,1_1_1_1,8_1,8_10_8,1_1_1,10_8_1_1_6,3_1,8_8_8,8_1_1,8_1_1_6_5,8_1_1_1_1"
NLB073210_01,"8_10_10_8_10_10,1_5_8_1,3_1","8_6,3_1,10_8_5_10,8_5_10_8_6_3,10_8_5_10_8_6,8_1,5_10_8_6_3,10_8_5_10_8,5_1,12_10_8_5_10,12_3_1_5,1_5,3_1_5,12_10_8_5_10_8,8_10,10_8,1_12_10_8_5_10,10_8_6,5_8,8_5_10_8_6"
NLB073225_01,"1_12_10_8_10_12_1,3_1_10,12_10,1_12_10_8,8_1_5_8_1","1_12_10_3_5_1,8_1_5_8,12_10_3_5_1_12,1_5_8_1_1,1_1,12_10_3_5_1,5_8_1_1,8_1,8_1_5_8_1,1_5_8,12_10,8_1_5,1_5_8_1,1_5,1_1_3_1_10_1,10_8,1_12_10,8_1_5_8_1_1,5_8,1_12"
NLB073225_02,"1_12_10_8_10_12_1,12_10,5_3_1_10,1_12_10_8,8_1_5_8_1","3_5,10_3_5_1_12,8_1_5_8,1_1_12_10_3_5,12_10_3_5_1_12,12_10_3_5_1,10_3_5_1_12_10,8_1,10_12,8_1_5_8_1,12_10,1_5_8_1,12_1,3_5_3_1_10_12,1_5,10_3_5_1,10_8,1_12_10,5_8,1_12"
NLB073269_02,"8_5_1_8,8_1,1_5_10_8,5_10,8_10_12_1,12_10_8","1_5_10_10_10,8_8,5_10_10_10_10,5_1_8_5_3,1_5_10,10_10_10,8_5,1_5_10_10_10_10,10_10_10_10_6,5_1,5_10,1_5,10_8_8,8_10,10_8,5_10_10_10_10_6,10_10,10_10_10_10_6_8,8_1_5_10_10_10,8_5_1_8_5_3"
NLB073277_01,"12_10,10_8_5,12_10_8","10_3_3_5_3,8_8,7_8,1_12_12_10_3,8_8_8,1_12_12_10_3_3,8_7,10_12,10_3_3_5,8_5,7_8_10_8_5,12_10,8_7_8_10_8_5,12_1,12_12_10_3_3,3_5_3_12_10_8,8_10,10_8,12_12_10_3_3_5,10_3_3_5_3_12"
NLB073286_01,"6_8_10_10,8_6_5_3,5_10_8,3_12_8,8_5_1","6_8,1_3_5_6_6_8,3_5_6_6_8_3,3_5,1_3_5,5_1_3_5_6_6,6_5,8_6,6_6_8_3,3_5_6_6_8,5_6_6_8_3_1,1_3_5_10_8_6,5_6_6_8,5_10,3_5_6,6_6_8_3_1,1_3,5_6,10_8,5_6_6_8_3"
NLB073287_01,"8_8_6_5_3,5_5_5_5,8_1","3_3,5_3,5_5_5_5_5,5_5_3_3_1_5,5_5,8_8,3_3_5_6_5_5,3_3_3,6_5,5_5_5_8,5_5_5_5,1_5,3_1,5_5_5_5_5_5,5_5_5"
NLB073287_02,"8_8_6_5_3,5_5_5_5,8_1","3_3,5_3,5_5_5_5_5,8_8,5_5,3_3_5_6_5_5,3_5,3_3_3,6_5,5_5_5_5,8_8_8,8_8_8_8,5_5_5"
NLB073296_01,"8_8_8_8_6_6_5,8_1,8_8_6_8_10_10_10","1_1_3_1_3_5,8_1_1_3_1_3,1_1,8_8,5_5,8_8_8_8_8_6,3_5,1_3_1_3,8_1_1_3_1,8_1,10_10,3_1,8_8_8,8_8_8_8,1_3_1_3_5,1_3,1_3_1_3_5_5"
NLB073298_01,"12_10,3_1","8_8,3_10,8_3,8_3_10_8,10_8_3,8_8_1_12_12,8_1,1_12_10_8_3_10,8_5,12_12,12_10,10_8_3_10,8_8_8_1_12_12,8_3_10,8_8_1_12_12_10,10_8,12_10_8_3_10,10_8_3_10_8,12_10_8_3_10_8,1_12"
NLB073304_01,"3_12_10_8,8_6_5_3,6_8_10_10,8_8_8_8_1","5_3,6_8,8_8,3_5,1_3_5,8_1_3_5_6_8,8_8_8,5_6_8,8_8_8_1_3_5,1_3_5_6_8_10,3_5_6_8,10_8_8_8_8_1,8_8_8_8_1_3,8_8_1_3_5_6,1_3_5_6,1_3_5_6_8_6,3_5_6,1_3,5_6,1_3_5_6_8"
NLB073311_01,"5_8_6_5_3_1,8_10_8_5_3_1","5_3,3_1_8_5_8_10,3_5,5_3_1_8_5_8,6_5,8_6,3_1,1_8_5_8_10,1_1,1_1_3_5_8_6,8_5_8_10_8_10,5_8_10_8_10_8,1_8_5_8_10_8,3_1_8_5_8,8_10_8,5_8_10_8_10,1_1_1_3_5_8,8_10,10_8,5_8"
NLB073324_01,"8_5_1_8,8_8_1,1_5_10_8,5_10,8_10_12_1,12_10_8","1_5_10_10_10,1_8,8_8,5_10_10_10_6_8,5_1_8_5_3,1_5_10,8_5,1_5_10_10_10_6,5_1_8_5_3_1,5_1,5_10,1_5,5_10_10_10_6,1_5_1_5,10_8_8,8_10,10_8,8_8_5_1_8_5,10_10,8_1_5_10_10_10"
NLB073326_01,"5_5_5_5_10_8,3_10,5_3_1","5_3,8_8,8_6,3_1,1_10_1_1_3,1_1,5_5,1_10_1_1,10_1_1_3_1_12,10_1_1_3,5_10,1_10_1_1_3_1,5_5_5,8_10,5_10_8_10_8,10_8,10_1_1_3_1,5_5_5_5_10_8,5_1_1_10_1"
NLB073331_01,"6_5_6_8_10_10_10,8_6_5,8_8_8_1","6_8,8_8,3_1,5_6_8,8_8_1_1_3,3_3,1_1,5_5,8_1,8_1_1_3_3_1,1_1_3_3_1_3,3_3_1_3_5_5,1_3_3_1_3_5,1_3_3_1_3,1_3,5_6,1_1_3_3_1,8_8_8_1_1_3,8_8_1_1_3_3,8_8_8_1_1"
NLB073333_01,"3_6_3_1,5_5_5_5,8_8_1,5_8_1","5_3,8_8,8_1_12_1_12,8_1_12_1_12_10,3_1,5_8_1_3_6_3,5_5,12_10_8_5_3_1,12_1_12_10_8_5,8_1_3_6_3_1,8_1,8_1_3_6_3,12_10,10_8_5_3_1_12,1_3,10_8,1_12_10,12_10_8_5_3,8_5_3_1_12_10,1_12"
NLB073337_02,"5_1,6_5_3,8_1","3_3,5_3,6_5_6_5_3,5_6_5_1_3_12,1_1,3_5,3_3_3,3_3_5_1,5_1,5_6_5,1_1_3_3,6_5,6_5_1_3_12_1,3_3_3_3,6_5_1_3_12,3_3_5,1_3,5_6"
NLB073339_01,"3_12,12_10_8","3_3,10_8,8_8,10_10_8_12_12,3_3_3,3_3_3_3_3_3,10_8_12_12,10_10,3_3_3_3,8_8_8,12_12,8_8_8_8,3_3_3_3_3"
NLB073374_01,"3_5_6_8_10_12_8_1_1,8_3,3_5_6_8_10_12_12_1_1,10_8_5_6_5,1_5_8","6_5,12_10_8_6_6_5,3_1_12_10_8_6,6_8_10_12,1_12_10_8,1_12_10_8_6_6,1_1_3_1_12_10,12_10,1_1_3_1_12,1_5,1_3_1_12_10_8,3_5_6_8_10_12,12_10_8,12_10_8_6_6,5_6,8_10,10_8,1_12_10,5_6_8_10_12,1_12"
NLB073393_01,"3_8_5_3_1,8_1_8_5_3_1","5_1_3_8_5_3,5_3,10_8,5_5,10_10_8_1_8_5,6_5_3_3_10,8_1,10_10,1_5_5,6_5_3_3_10_10,1_5,1_5_5_5,8_5,3_1,3_10_10_8_1_8,8_6_5_3_3_10,10_8_1_8_5_3,5_5_5"
NLB073404_01,"10_8,3_5_7_8","5_3,8_8,8_12_10_8,3_5,1_3_3_5_3_8,8_6,3_8,3_1,3_3,1_1,3_3_5_3_8,8_12_10_8_8,3_1_1_3_3,3_3_5_3_8_8,3_1_1_3_3_5,8_12_10,1_3,1_1_3_3_5_3,10_8,1_3_3_5_3"
NLB073426_01,"1_12_10_8,3_3_3_3","3_3,12_10,10_8,1_1,3_3_3,1_12,10_8_3_1_12_10,3_3_3_3_3_3,3_3_3_3,3_1_12,3_1,10_8_8_8_1_1,3_1_12_10_8,3_1_12_10,3_3_3_3_3"
NLB073483_01,"8_8_6_5_3,5_5_5_5,1_8,8_1","3_3,5_3,5_5_5_5_5,8_1_1_1_3,1_1,5_5,5_3_1,3_5,3_5_3_1_8,5_5_5_5,3_1,5_5_5_5_5_5,8_1_1_1,5_5_5"
NLB073486_01,"10_10_8_6_5_3,1_5_8","5_3,10_8_6_5_3,1_1,6_5_3,8_8,5_3_1,8_1_1_3_6_5,8_1_5_3_1_8,6_5,8_1,3_6_5_3_1_3,1_5,5_8,3_1,5_6_10_10_8_6,6_10_10_8_6,5_8_1_1_3_6,6_10_10_8_6_5"
NLB073516_01,"1_5_8_1_1_3_3_5,8_8_10_8_6_5,10_8_8_10_8_8","8_10,1_1,8_8,10_8,12_10,8_6_5_1_1_5,12_1,10_12,8_1,5_1_1_5_8,5_3_1_1_1_12,8_8_10,8_1_12_1_8_8,1_12_1_8_8_10,1_1_5_8_1_1,10_8_6_5_1_1,1_12,12_1_8_8_10_8"
NLB073562_01,"10_8,6_5_3,8_1,3_5_7_8","8_8,3_5,6_8_1,8_10_12_10_8,3_3,3_5_6_8_1,10_8_3,1_3_5_6_5_3,8_1,12_10,10_8_3_5,12_10_8,8_8_10_12_10,3_5_6,5_6,8_10,8_8_10_12_10_8,10_8,5_6_8_1"
NLB073588_01,"5_6_5_3_1_3_6_5,1_8,5_3_1,8_1_3_5_8_1_3_5,3_1","5_5_6_5_3,5_3,1_3_6,5_5_6_5,6_5_3,5_3_1,3_5,1_3_5,5_6_5,6_5_3_1,6_5,1_3_6_5,3_1,6_5_3_1_3,5_6_5_3,1_3,5_6"
NLB073626_01,"12_10,5_3_1_10,1_12_10_8,1_12_12_10_8_10_12_1,8_8_5_8_1","8_8,8_8_5_8,10_1_12_12,8_5_8_1,8_1,10_12,8_8_5_8_1,3_1_10_1_12_12,8_5,1_10_1_12_12_10,12_10,3_5_3_1_10_1,1_10_1_12_12,12_1,10_1_12_12_10,10_1_12_12_10_8,10_8,10_10,5_8,1_12"
NLB073628_01,"8_8_6_5_3,5_5_5_5,1_8,8_1","3_3,5_3,5_5_5_5_5,3_3_6_6_5_5,8_8,5_5,6_5_5_3_8_1,3_3_3,3_6_6_5_5,8_1,6_5,5_5_5_5,6_6_5_5_3_8,8_8_8,5_5_5,3_6_6_5_5_3"
NLB073639_01,"5_5_5_5,1_8,6_5_3,8_1","6_6_5_3,1_1_3_5_1,1_1,5_5,8_8,1_8,3_5,3_5_1_8,5_1,8_1,1_1_3_5_1_8,5_1_8,6_6,1_3_5_1,1_3_5_1_8,1_3,5_5_5"
NLB073672_01,"5_5_5_3_1_8_1_3_5,5_3,3_1,5_5_5_5_3_1_8_1_3_5","5_3,3_1_8_1_3_5,5_5,5_3_1,3_5,1_3_5,5_3_1_8_1_3,5_5_5_3_1_8,3_1_8_1_3,5_5_3_1_8_1,5_5_5_3_1,5_5_5_5,3_1,5_5_3,1_8_1_3_5_5,1_3,5_5_5"
NLB073681_01,"5_5_5_3_1_8_1_3_5,5_5_5_3_1_8_1_3_5_5","3_3,5_3,3_1_8_1_3_5,5_5,5_3_1,3_5,1_3_5,5_3_1_8_1_3,5_5_5_3_1_8,3_1_8_1_3,5_5_3_1_8_1,5_5_5_3_1,3_1,1_3_5_5_5_5,5_5_3,1_8_1_3_5_5,1_3,5_5_5"
NLB073685_01,"5_5_8_8_6,5_8_1_1,10_10_10_1_12_10,3_3_10_10_8,10_8_8_10_8_8,8_6_5","8_8,8_8_10_8_8,1_1_12_12_10_10,8_6,12_10_10_10_10_1,10_10_10,5_8_8,8_1_1_12_12,8_5,12_10,8_10_8_8,8_1_1_12_12_10,8_10,10_8,10_10_8_5_8_1,10_10,5_8,5_8_1_1_12_12,1_12"
NLB073709_01,"1_5_8_10_8,8_1,5_10,12_10_8,8_10_8_1","5_3,8_8,6_5_3,6_5,3_1,8_1,8_1_12_10_8,5_8_8_1_6,8_1_12_10_8_8,5_8_8_1_6_5,8_1_12_10,8_10,8_10_8_1_12_10,10_8,8_10_8_1_12,5_8,10_8_1_12_10_8,3_5_8_8_1_6,1_12"
NLB073743_01,"10_8,8_1_3_5_8_6_5_3","5_3,6_5_3_8_1,3_5,1_3_5,6_5,8_6,8_1_3_5_8,5_3_8_1_3_5,8_1_3,1_3_5_8_6_5,6_5_3_8_1_3,8_1,1_3_5_8_6,3_8_1_3_5_8,8_6_5_3_8_1,1_3_5_8,3_5_8,8_1_3_5_8_6,1_3,5_8"
NLB073750_01,"8_1_3_3_5_10_8_5_1_8_6_5,8_1","5_3,3_5,5_8_10_8_1_1,3_3_3_5_5_3,3_1,8_10_8_1_1_3,5_10_8_5_1_8,3_3,5_5,1_1_3_3_3_5,8_1,10_8_8_1_3_3,5_5_3,5_5_3_1,1_5,1_3,1_5_8_10_8_1,10_8,1_3_3_3_5_5,1_5_5_3_1_5"
NLB073754_02,"8_1_3_3_5_8_8_5_1_8_6_5,8_1","5_3,8_8,3_5,6_5,5_1_8,3_1,5_3_5_6_5_5,8_1_5_5_3_5,1_5_8_8_8_1,5_5,8_1,8_5,5_5_3_5_6_5,1_5_5_3_5_6,5_8_8_5_1_8,6_5_5_3_1_5,1_5,8_8_5_1_8_6,1_5_5_3_5,5_8"
NLB073771_02,"8_5_1,8_6_5_3,3_12_8,6_8_10_10_10_10","3_3,8_10,10_10_8,1_5_8_8_6,10_8,8_8,3_5,8_3_3_1,10_10,5_8_8_6_5_3,8_6,1_5_8_8_6_5,5_8,8_10_10_10_10,6_8_10_10_10_10,10_10_10_10_8,8_10_10_10_10_8,10_10_10"
NLB073775_02,"8_6,8_6_5,5_3","5_3,6_8,6_8_6,3_5,8_6_5,6_5,8_6_8_6_5_3,8_6,3_1_3_5_3,3_1,1_1,8_6_5_3_1_3,6_8_6_5_3_1,8_6_8_6,1_3,5_3_1_3_5_3,6_8_6_5_3,8_6_8_6_5,6_8_6_5"
NLB073777_01,"1_5_8_5_5_3_3_5,8_10_8_6_10_6_5,10_8_8_10_8_8","6_5_1_5_8_5,1_8,8_8,6_5,8_6,5_5_3_3_5_8,5_3_1_1_1_8,10_12,1_5_8_5_5,5_3_3_5_8_6,1_8_10,1_1_1_8_10_12,1_1_1_8_10,12_1,1_8_10_8_6_10,8_10,10_8,5_8,3_1_1_1_8_10,1_12"
NLB073788_01,"10_8,5_5,8_8_6_5,6_8_10_10_8,8_8_10_12_1_1,8_10_8,3_6_5_3_1,6_3","5_3,8_8,6_5,8_6,8_8_8,5_5,8_10_10_8_8,6_5_5_5,10_8_8_8,8_8_8_6_5_5,10_8_8_8_6_5,10_8_8,8_10,8_8_6_5_5,10_8,10_8_8_8_6,8_10_10_8_8_8,8_8_6_5_5_5,8_6_5_5_5"
NLB073803_01,"1_5_8_1,5_5_8_8_6,8_6_5,10_8_8_10_8_8,10_12_1_1_12_10","8_8,8_8_6_8_10_8,8_6,8_6_8_10_8,12_1_1_12_10_8,1_1,8_5,12_10_10_12_1_1,10_10_12_1_1_12,1_1_12_10_10_12,8_10_8,6_8_10_8_5_1,1_5,8_6_8_10_8_5,8_10,10_8,5_5_8_8_6_8,5_8,8_8_10_8_8,1_12"
NLB073804_02,"8_5_8_1,1_12_6","1_12_12_12_10,3_1_12,3_1,8_5_8_1,8_1,5_8_1,3_1_12_6_3_6,8_5,12_12,8_12_10_10_1_8,8_5_8,12_10,3_1_12_12_12_10,12_6_3_6_8,1_12_12_12_10_12,5_8,12_6_3_6_8_12,8_12_10_10_1,1_12"
NLB073822_01,"5_5_5_1_8_1_3_5,3_1,5_3,8_1_5_8_1_3_3_3_5","3_3,5_3,5_5_5_1,3_5_5_5_5,8_1_3_3_3,5_5,3_5,3_5_5_5,5_1,8_1,5_5_1,8_1_3_3_3_5,5_5_5_5,1_5,5_5_5_5_1,1_3,5_5_5"
NLB073862_01,"5_3_1_6_5_3,5_8_5_3_1_12_1,10_8_8_3,6_10_6","5_3,1_1,8_8,5_8_8_5,5_3_1,5_8_8_5_8,8_8_5_8,3_8_8_8_5_3,6_5,3_8_8_8_5,8_8_5_3_1_6,5_8,8_5,3_1,8_8_5,8_5_3_1,8_5_3_1_12_1,8_5_3"
NLB073866_01,"8_10_12_1,8_5_8_1,12_10_6","3_3,6_6_6_3,1_8,12_10,5_3_10_3,3_3_3_1_8_8,3_3_3_1_8,5_3_10_3_3_3,8_5_8_1,8_1,5_8_1,5_8,8_5,6_6,8_1_5_5_3_10,6_3_12_12_10_10,8_5_8,3_10_3_3_3_1"
NLB073879_02,"5_8_1_1,10_8_8_10_8_8","10_8_8,8_10,10_8_5_5,10_8,8_8,8_8_10_8,8_5_5_8,8_10_8,5_8,8_8_10,8_10_8_8,10_8_5_5_8,8_8_10_8_8,5_5_8"
NLB073888_01,"3_5_6_5_3_1,8_8_8_5_3_1","5_3,8_8,3_5,3_1,8_8_8,5_5_3_1_3_5,8_8_8_5,8_5_5_5,5_5,5_3_1,1_3_5_6_5_3,3_1_3_5_6_5,8_5,5_3_1_3_5_6,8_8_8_5_3,8_5_5_5_3_1,8_5_5_5_3,1_3,5_6,3_1_3_5_6"
NLB073895_01,"6_8_10_10_1_8,8_8_6_5,5_5_8_8_6,5_8_1_1,10_10_10_1_12_10,10_8_8_10_8_8","10_8_8,8_10,10_8,8_8,6_8_10_10_1_8,1_12,10_10_1,10_10,8_6,5_8,10_1,10_10_10_10_10_1,10_10_10_10,8_8_10_8_8,10_10_10,8_10_10_1_8"
NLB073897_01,"12_10,5_3_1_10,8_5_8_1,12_10_8,1_12_3_10_10_12_1","12_3_10_10,12_10,10_8,1_8_12_10_10,8_5_8_1,8_1,10_10,5_8_1,8_12_10,5_8,8_5,8_12,1_8_12_10_10_10,10_8_12_10_8_8,8_12_10_10_10,10_10_10_10,10_10_10,8_5_8"
NLB073929_01,1_12_10_8,"5_3,3_5,1_3_5,10_8_12_1_5_3,3_1,8_1,8_12_1_5_3,8_12_1_5_3_12,3_5_10_10_8_10,12_10,8_12_1,12_1,1_12_8_1,1_3,10_8,10_8_3_1_12_8,8_12_1_5,3_1_12_8_1,1_12,10_8_12_1_5"
NLB073939_01,"6_5_3,8_1,3_5_7_8","5_3,6_5_3,8_8,3_5,1_6_5_3,6_5,3_1,8_8_8,6_5_3_1_6_5,8_1,5_3_1_6,3_8_8_8_8_10,3_1_6_5_3,1_6,5_3_1_6_5,1_6_5,5_3_1_6_5_3,10_8,6_5_3_1_6"
NLB073946_01,"1_5_8_1_1_1_3_5,10_8_8_10_8_8","8_10,1_1_3_5_1_12,10_8,12_10,8_8,1_5_8_1,5_5_6_3,5_5_6_3_1_5,3_1_5_10_10,8_1,10_10,1_5,5_8,1_5_8,8_1_5_5_6_3,5_10_10_8_5_1,5_5_6_3_1,1_12"
NLB073958_01,"5_5_3_8_8_6,5_5_8_8,10_10_10_1_12_10,8_6_5,10_8_8_10_8_8,3_3_10_10_10_8","8_10,10_10_10_8_5_5,10_8,8_8,5_5,3_8_8_6_3,8_8_5_5_3_8,1_12,3_3_10_10_10_8,10_10,8_6,8_5_5_3_8,5_3_8_8_6_3,5_8,8_5,3_8_8_6_3_3,8_8_10_8_8,10_10_10"
NLB073990_01,"8_8_8_8,5_1,8_1,10_8_6_5_3","3_3,8_1_1_1_3,8_8_8_8_8,1_1,8_8,3_5,8_8_8_8_8_8,8_1,3_1,8_8_8,3_1_3_5_1,1_3_5_1,8_8_8_8,1_3"
NLB073991_02,"6_8_10_10,8_6_5_3,3_12_8,8_5_1,3_10_8","5_3,6_5_3,8_10_10_8_5_1,8_6_5,3_10_8_6_5,6_5,8_6,10_8_5_1_8,3_10,8_5,1_3_10_8_6_5,6_8_10_10_8_5,3_10_8_6_5_3,8_6_5_3,10_10_8_5_1_8,8_5_1_8_8,10_8_5_1_8_8,1_3,10_8,1_3_10_8_6"
NLB073992_01,"8_10_8_6_3_1,8_10_8_6_3_5,3_10_8_6_3_1","5_3,8_8,8_6_3,8_6,3_1_3_10,3_1,8_8_8,3_3,5_5,3_1_3_10_8,5_3_1_3_10,10_8_6_3,3_1_3_10_8_6,10_8_6_3_1,1_3_10_8_6_3,5_3_1_3_10_8,5_5_3_1_3_10,6_3,8_10,10_8"
NLB073994_01,"10_12_1_3_3_5_8_8_5_1_8_6_5,8_1","1_5_1_8_10,5_3,8_8,3_5,6_5,5_1_8,1_8_10_12_1_3,3_1,5_5,1_5_1_8_10_12,5_3_1_5,5_5_3_1_5,5_1,1_5,8_8_5_1_8_6,5_1_8_10_12_1,1_3,3_1_5_1_8_10,5_8,5_1_8_10_12"
NLB073997_01,"6_8_10_10,1_8_8,8_6_5_3,3_12_8,8_5_1","5_3,1_8,8_8,3_5,6_5,8_6,8_10_10_8_3,3_3,8_8_10_10_8_3,12_8_10_12_1_8,6_5_3_12_8_10,12_1_8_8_6_5,1_8_8_10_10_8,5_1_8_8_10_10,5_8_6_5_3_12,8_10_10_8_3_1,8_10,10_8,8_5_1_8_8_10,10_10"
NLB073998_01,"10_8_8,1_1,6_8_10_10_8,3_12_8,1_5_8_8,8_10_8,1_1_5_8_1_12,8_6,3_5_6_3_1,5_6_8,8_10_6_5,6_3","8_10,10_8,8_8,1_3_5_6_3_1,3_5,3_5_6_3,6_5,10_10,8_6,1_3_5_6_3,5_6_3_1,3_5_6_3_1,8_8_3_12,3_5_6,10_10_10_10,5_6_3,10_10_10,5_6"
NLB074003_01,"3_8,8_5_5_3_5_8,5_3_1","5_3,3_5,3_5_5_3_1_10,3_1,6_3_5_5_3_1,8_5_5_3_5_8,5_5,5_3_1,8_1,10_12,6_3_5_5_3,10_8_1_5_3,8_1_5_3_8_1,5_5_3,5_5_3_5_8,12_10,5_5_3_5_8_10,10_8,8_6_3_5_5_3,10_8_6_3_5_5"
NLB074004_01,"8_1_3_3_5_8_8_8_6_5_3,10_8,8_1_3_5_8_6_5_3","5_3,6_5_3_8_1,6_5_3,3_5,1_3_5,6_5,5_3_8_1_3,8_1_3_5_8,5_3_8_1_3_5,8_1_3,6_5_3_8_1_3,8_1,5_3_8_1,3_8_1_3_5,3_8_1_3,3_8_1_3_5_8,8_6_5_3_8_1,3_5_8,1_3,5_8"
NLB074007_01,"10_8_12_3_6_5,1_12_10,8_1","6_5_8,5_3,8_8,8_5_5_3_5_6,6_5,8_6,8_12,5_3_5_6_10_8,5_5_3_5_6_10,5_6_10_8_12,5_3_5_6_10,8_1,3_5_6_10_8,6_10_8_12,10_8,3_5_6_10_8_12,8_5_5_3_5,5_8,10_8_12"
NLB074028_01,"1_12_10_8,3_3_3","3_3,12_10_8_1_3,10_8_1_3_5,12_10,10_8,3_3_3,1_12,3_3_3_3_3_3,10_10,3_3_3_3,3_1_12_10_8_1,12_10_8_1_3_5,3_1,1_12_10_8_1_3,3_3_3_3_3"
NLB074038_01,"1_12_10,8_10_1_12_3_1,8_1","8_10_1_12_3,1_8,1_12_10_8_10_1,3_1_12,3_1,10_1_12_3_1,12_10_8_10_1_12,10_8_10_1_12,8_1,12_10_8_10_1,12_10,10_1_12_3,10_8_10_1,1_5,8_10,10_8,1_12_10,10_8_10_1_12_3,8_10_1_12_3_1,1_12"
NLB074048_02,"5_3_1,1_10,1_3_8_5_1_3_6_5,6_5_3_1_8_1_3_5,3_12","5_3,6_5_3,8_8,3_5,6_5,3_1,5_3_12_3_5,5_3_1,6_5_3_12_3_5,6_5_3_1_1_6,5_1,1_1_6_5_3_12,12_3_5_3_1,1_3,12_3_5_3_1_10,1_6_5_3_12_3,3_8_5_1_3_6,5_1_3,1_6_5_3_12"
NLB074077_02,"1_5_8_8_6,6_8_10_10_12_8,8_6_5,10_8_8_10_8_8,1_1_1_12_10,1_5_8_1_1","8_10,1_1,8_8,10_8,12_8_1_5,8_1,8_10_10_12_8_1,12_12_10_1_1,8_6,8_1_5_8,1_5,5_8,1_5_8,8_10_10_12_8,10_1_1_1,10_1_1_1_12,8_8_10_8_8,1_12"
NLB074100_01,"1_12_10_8_10_12_1,12_10,5_3_1_10,8_5_8_1,10_8_6_5","12_10,10_8,8_8,1_12_10,10_1_12_10,12_12_10_10_1_12,8_1,12_10_10_1_12_10,1_12_12_10_10_1,10_1_12_10_8,12_10_10_1,12_12_10_10_1,5_8,10_1,12_10_10_1_12,12_10_8,1_12,10_1_12"
NLB074104_01,"8_7_8_1_12_1_3_3_5,10_8_8_10_8_8,8_10_8_6_5","8_10,8_7_8_1_12,10_8,12_10,8_8,7_8_1_12,8_1_12,7_8,8_7_8_1,8_1,8_7,6_5,5_8_7_8_1_12,7_8_1,5_6_5_3_5_5,8_7_8,1_12"
NLB074156_03,"8_1_3_3_5_10_8_5_1_8_6_5,8_1","8_1_5_3_5_6,5_3,3_5_8_8_1_3,1_8,8_8,5_8_8_1_3_3,3_5,8_8_1,8_1,6_5,8_1_8_8_8_8,8_8_8_8_1_5,1_3_5_8_8_1,1_5_3_5_6_6,8_8_8,8_8_8_1,1_3,5_3_5_6_6"
NLB074157_01,"8_10_8_6_3_1,8_10_8_6_3_5,3_8_6_5_3_1","3_3,5_3,8_10,10_8,5_5,8_8,8_8_1_5_5_1,5_5_1_3_8_6,8_5_5_3_3_3,8_10_8,8_6,5_1_3_8_6_5,1_5_5_1_3_8,8_8_8,5_1_3_8_6,8_8_8_8,10_8_5_5_3_3"
NLB074161_01,8_8_8_5_3_1,"5_3,5_6_12_1,1_8,8_8,3_5,1_3_5_6_12_1,3_5_6_12_1,8_8_8,3_3,5_6_12_1_8,8_1,3_3_5_6_8_8,1_5,5_5_1_3_5_6,3_5_6,3_5_6_12_1_8,5_6,6_12_1_8,1_5_5_1_3_5,5_1_3_5_6_12"
NLB074166_01,"1_5_8_1_1_3_3_5,10_8_8_10_8_8,8_10_8_6_5","5_3,10_8_6_5_1_5,8_8,6_5,1_5_3_10_12,1_5_3_10_12_1,3_1_5_3_10,8_1,10_12,3_1_5_3_10_12,1_5_3_10,12_1,1_5,5_3_1_5_3_10,8_1_12_1_8_10,8_10,10_8,1_12_1_8_10_8,8_6_5_1_5_8,1_12"
NLB074182_01,"8_8_5_8_1,12_10,12_12_12_8_10_12_1,5_3_10","5_3_10_12_12_12,8_8,3_5_3_10_12,8_8_8,12_1_8_8_8_8,8_1,10_12,8_5,12_12,5_3_10_12_12,3_5_3_10_12_12,12_1,10_10_12_1_12_1,1_3_5_3_10,8_1_3_5_3_10,10_12_1,10_10,1_3_5_3_10_12,1_12"
NLB074216_01,"3_8,8_8_3_5_6_8,5_3_1","5_3,6_8,8_8,3_5,5_1_1_10_12_1,10_8_1_8_8_1,3_1,5_1_1_10_12,8_3,8_1,8_5,8_8_3_5_6,1_1_10_12_1,5_6,1_5_5_3_8_5,10_8,6_8_10_8_6_8,8_1_8_8_1_5,8_8_3_5_6_8,8_5_1_1_10_12"
NLB074227_01,"1_10,5_1,1_3_8_8_5_1_3_6_5,8_1_3_5_1_3_8_5,3_1","5_3,5_1_5_6_5_3,8_5_1_3_8,8_8,5_5,8_5_1_3,3_5,5_1_3,5_1_3_8,5_1,3_6_5_5_5,1_3_8_8_5_1,6_5,8_5_1_3_8_8,3_8,1_3_8,8_5,1_3"
NLB074234_01,"3_5_6_5_3_1,8_8_8_5_3_1","5_3,8_8,3_5,3_1,8_8_8,5_5_3_1_3_5,8_8_8_5,5_5,5_3_1,1_3_5_6_5_3,3_1_3_5_6_5,5_3_1_3_5_6,8_8_8_5_3,1_5,1_5_5_5_3,1_3,5_6,1_5_5_5_3_1,3_1_3_5_6,5_5_5_3_1_3"
NLB074246_01,"3_6_5_1,5_3_1_12,8_8_1,5_8_1","1_3_6,5_3,6_5_3,3_5,6_5,8_1,1_3_6_5,8_3_1_1_3_6,8_3_1_1_3,10_8_3_1_1_3,5_8,3_6,3_1,1_1_3_6_5_8,10_8_3_1_1,8_8_1_5_8_10,3_6_5,1_3"
NLB074246_02,"8_8_10_8,5_3_1_12,3_6_5_1,8_8_1,5_8_1","1_3_6,5_3,5_5,8_8,3_5,3_1_3_6_5_8,6_5,1_3_6_5,8_3_1_3_6,5_3_6_5_3_5,3_6,5_8,3_1,8_3_1_3_6_5,10_8_3_1_3_6,3_6_5,1_3,3_5_5_5_3_6"
NLB074260_01,"5_3,8_5,5_3_1","5_3,6_5_3,3_5,1_1_3_6_6_5,6_5,1_3_10_8_1_1,3_1,1_1,5_3_1,8_1_1_3_6,3_10_8_1_1,3_10_8_1_1_3,8_1_1_3_6_6,10_8_1_1_3_6,1_1_3,1_3,1_1_3_10_8_1,1_3_6_6_5_3,1_1_3_6_6,3_5_3"
NLB074260_02,"5_3_1,5_3_8,8_8_5,5_3_6","5_3,6_5_3,8_8,8_8_5_8,6_5,3_1_3_5_3,3_1,1_1,5_3_1,8_5,8_6_5_3_1_3,8_8_5_8_6_5,5_8_6_5_3_1,8_8_5_8_6,8_5_8_6,8_5_8_6_5,1_3,8_5_8_6_5_3,6_5_3_1,5_3_1_3_5_3"
NLB074261_01,10_12_1_3_6_5_8_8_8_1_3_6_5,"1_3_6,5_3,1_1_3_3_3_6,6_5_8_8,1_1,8_8,8_8_8_1_3_6,1_5_1_5_6,6_5_8_8_8,6_5,1_3_6_5,8_10_12_1_3_6,1_5,3_6,5_8,8_8_8,3_6_5,1_3"
NLB074277_01,"10_10_8_6_5_3,1_5_8","5_3,8_8_5_3_1_1,8_8,6_5_3,8_6_5,3_3_3_5_8_10,6_5,10_8_6_5_3_1,8_6,1_8_8_5_3_1,3_1,3_3_5_8_10,5_3_1,3_5_8_10_10_8,5_8_10_10_8_6,3_3_5_8_10_10,3_5_8_10_10,8_6_5_3,1_5,5_8"
NLB074286_01,"1_3_5,5_1,1_10_8,5_3_1","3_3,5_3,5_5,8_8,3_3_3,3_5,3_3_3_5_5_5,3_7,3_3_3_3,5_8,8_8_8,3_3_5_5_5_5,1_3,5_5_5"
NLB074308_01,"8_5_1_8,3_5_10_8,8_1,5_10,8_10_12_1,12_10_8","5_3,1_8,8_8,5_10_10_10_6_8,8_1_1_5_10_10,8_1_1_5_10,8_5,1_1_5_10_10_10,1_5_10_10_10_6,5_1,1_1_5_10,5_10,5_10_10_10_6,10_8_8,8_10,10_8,8_8_5_1_8_5,10_10,1_1_5_10_10,8_5_1_8_5_3"
NLB074309_01,"8_10_8_3,5_3_1_6_5_3,6_10_6,5_8_5_3_1_3_1","5_3,8_8,6_5,3_1,1_6_5_3_6_5,5_3_1,3_6_5_8_5_3,5_8_8_5_8,8_5_3_1_3_1,5_3_6_5_8_5,8_5,1_6_5_3_6,5_8_5_3_1_3,8_5_3,6_5_8_5_3_1,8_10,10_8,5_8,8_5_3_1"
NLB074328_01,"8_8_6_5_3,5_1,8_1","3_3,5_3,3_3_1_12_1,8_1_3_3_5_1,5_5,8_8,5_3_5_3_5_8,3_5,3_3_3,5_1,3_3_3_3,5_3_3_3_3_1,12_1_3_5_1,3_1,3_5_3_5_8_8,5_5_3_5_3_5,1_3,1_12"
NLB074333_01,"3_8,1_3_5_5_6_8,5_3_1","8_1_5_3_8_5,5_3,8_8_6_3_3_5,6_8,8_8,1_10_1_3_1,3_5,5_6_8_8_6_3,8_6,3_1,1_10_1_3,1_10_1_3_1_12,5_5,6_8_8_6_3,3_1_12_10_12_10,12_10,10_1_3_1_12,1_3,5_6,10_1_3_1_12_10"
NLB074334_01,"8_6,5_3,5_3_1","8_6_5_3_1_5,5_3,3_1_5_3,6_5_3,8_6_8_6,5_3_1,5_3_1_5_3,8_6_5,8_6_5_3,6_5_3_1,6_5,8_6_8_6_5_3,8_6,3_1,6_8_6_5_3_1,8_6_8_6_5,6_5_3_1_5_3,8_6_5_3_1"
NLB074336_01,"8_6,5_3,5_3_1","5_3,3_5,1_3_5,5_3_1_3_5,8_6_8_5_3_1,3_1_3_5_3,3_1,3_1_3,8_5_3_1_3,5_3_1,8_5,6_8_5_3_1_3,3_8_5_3_1_3,8_5_3,1_3,8_5_3_1_3_5,5_3_1_3_5_3,8_5_3_1,3_5_3"
NLB074342_01,"8_8_8_1_1_3_8_5,10_8_8_10_8_8,8_8_6_6_5","8_8,8_6,8_8_1_1,1_1,8_8_1_1_3_8,8_1,10_12,12_10,1_1_8_8_6,8_1_1_3_8_5,12_1,1_1_3_8_5_8,8_10,1_1_3_8_5,10_8,1_1_8_8_6_6,1_3_8_5_8_6,1_3_8_5_8,1_12"
NLB074349_01,"5_8_8_5,5_3_1_12,8_8_1,3_8,3_5_3_1,5_5_5","3_3,5_3,8_1_5,8_8,5_5,5_3_1,3_5,5_8_8_5_5_5,5_3_3_5_3_8,10_12_5_3_3,8_1,10_12_5_3_3_5,12_5_3_3,1_5,1_5_5_5_3_12,3_1,12_10_12_5_3_3,12_5_3_3_5_3"
NLB074378_02,"8_1,5_5_1_5_8_5_5,8_10_3_3_1,12_10_8","5_3,6_8,3_5,6_8_8_10_3_3,3_1,8_1,8_5,12_10_10_6_8_10,12_10_10_6_8,10_3_3_1_12_10,8_5_5_1_5_8,12_10,5_8_5_5_3_1,5_5_1_5_8_5,1_12_10_10_6_8,8_10,10_8,10_6_8_10_8_5,8_5_5_1_5,1_12"
NLB074390_01,"12_10_8,1_3_6_5,5_3_1","5_3,12_1_1_10_6_5,6_5,8_6,3_6,3_1,3_3,5_5,1_10_6_5_3_1,3_6_12_1_3_6,12_1_1_10_6,8_3_3_3_1,6_5_5_3_6_12,1_3,8_10,10_8,10_12_1_1_10_6,8_10_12_1_1_10,3_6_12_1_3,3_3_1_3_5_3"
NLB074426_02,8_1_3_3_5_10_8_1_3_10_8_6_5,"5_3,8_8,5_6_3_3_6_5,3_5,6_5,3_6,3_3,8_1_3,8_1,5_6_3_3_6,6_3_3_6_5,8_8_1_3,6_5_3_1_5_1,1_3,5_6,3_6_5_3_1_5,5_10_8_1_3_10,3_6_5_3,6_3_3_6_5_3"
NLB074427_01,"8_8_6_5_3,5_5_5_5,1_8,8_1","3_3,1_1_3_5_1,1_1,5_5,3_5,3_5_1_8,5_1,1_1_1_3_5,8_1,1_1_3_5_1_8,1_1_1,5_5_5_5,1_1_1_3_5_1,1_3_5_1_8,1_3,5_5_5"
NLB074433_01,"5_5_6_5,5_8_8_5,5_3_1_12","5_3,8_8,1_3_6_12_1,3_1,3_1_12_10_10_12,5_1_3_6_12,3_3,8_1_5_5_5_6,10_10_12_1_3_3,8_1,1_5_5_5_6,12_10,12_1,1_5,8_5_1_3_6_12,5_1_3_6_12_1,1_3,10_10_12_1_3,1_5_5_5_6_5,1_12"
NLB074437_01,"8_8_6_8_10_10_1,8_8_6_6_5","8_8_8_8_8,8_8,8_8_8_8_6,8_8_8_6,3_5,8_8_8_8_8_6,10_10,8_6,5_8,5_8_8_8_8,8_8_8,8_8_6,8_8_8_8,8_6_8"
NLB074443_01,"8_10_8_3,5_3_1_6_5_3,5_8_5_3_1_3_1","5_3,8_8,5_3_1,5_8_8_5_8_6,8_8_5_8,5_8_8_5_8,6_5,8_5_8_8_5_8,8_5_8_8_5,5_8,8_5,3_1,8_8_5,8_8_5_8_8_5,3_1_8_8_5,8_5_8"
NLB074452_01,"8_10,8_10_10_3_1,8_1,12_10_8,5_1_8_8_5","5_3,1_8_10_10_6,6_8,1_8,8_8,3_5,3_1,5_1_8_8_5_3,10_10_6_6_8_10,5_3_5_3_5_6,8_10_10_3,5_3_5,6_8_8_10_10_3,10_6_6_8_10_8,8_8_10_10_3_1,8_10,10_8,10_10,10_6_6_8_10,1_8_10_10_6_6"
NLB074470_01,"1_3_5,5_1,5_3_1,12_10_8","5_3,6_5_3,1_12_1_3_8,3_5,8_6_5,6_5,8_6,3_1,1_3_8_12_10_8,1_8_8_6_5_6,1_3_8_12,12_1_3_8_12_10,12_1,1_3,10_8,12_1_3_8_12,1_12_1_3_8_12,1_3_8_12_10,12_1_3_8"
NLB074533_01,"6_5_6_8_10_10_10,8_6_5,8_8_1","6_8,8_8,3_5,6_5,3_1,1_3_1_3_5,1_1,5_5,1_1_1_3_1_3,8_1,5_6_5_6,1_1_3_1_3_5,1_3,5_6,1_3_1_3,8_8_1_1_1_3,1_1_1_3_1,1_1_3_1_3,8_1_1_1_3_1,1_3_1_3_5_5"
NLB074547_02,"8_10,12_10_10_8,8_10_3_1,8_5_1_1_8","8_10,5_3,8_5_1_1_8_5,1_8,1_1,1_1_8_5_3,1_1_8_5,5_1,10_10_10_10_10,10_10,8_1_8_10_10,8_5,1_1_8_5_3_1,1_8_10_10_10_10,10_10_10_10,10_10_10"
NLB074552_01,"5_5_5_5,1_8,6_5_3,8_1","5_3,3_5,3_1,3_5_3_1,3_3,5_5,5_3_1,10_3_5_3_1_8,8_1_12_10_3,10_3_5_3_1,12_10_3_5,10_3_5_3,12_10_3_5_3_1,3_3_3,1_12_10_3_5_3,5_5_5,8_1_12_10_3_5,12_10_3_5_3,3_5_3"
NLB074575_01,"5_8_8_5,8_1,3_6_3_1,3_1_12,5_5_5_5","5_3,8_8,3_1_12,3_1,5_1_3_6_3,5_5,1_3_6_3,5_1_3_6_3_1,8_1,8_5_1_3_6_3,12_10,1_5,3_1_12_10,1_3,12_10_12_1_5_3,5_8_8_5_1_3,12_10_12_1_5,3_1_12_10_12_1,1_3_6_3_1,1_12"
NLB074583_01,"6_5_6_8_10_10_1,8_6_5,8_8_1","3_3,1_1,5_5,8_8,1_1_3_3_1_3,3_5,1_1_1_1_3_3,8_1,3_3_1_3_5_5,1_1_3_3_1,1_3_3_1_3_5,1_1_1,3_1,8_8_1_1_1_1,1_3_3_1_3,1_1_1_3_3_1,1_3,5_6"
NLB074593_01,"8_6_5_3,5_3_1_6_5,8_10_8","5_3,10_8,8_8,5_5,8_6_3,12_10_8_5_8,6_5,8_1_12_10_8,8_6,5_8,8_5,3_1,1_12_10_8_5_8,1_12_10_8_5,10_8_5_8,12_10_8_5,8_1_12_10_8_5,8_5_8"
NLB074613_02,8_1_3_3_5_10_8_5_1_10_8_6_5,"3_3,5_3,5_5_5_5_5,3_5_3_1_12_1,1_1,5_5,5_1_10_8,3_5,5_5_5_5,12_1_8_8_1_3,8_5,3_1,5_1_10_8_6,8_5_1_10_8,1_3,5_5_5,5_1_10_8_6_5"
NLB074649_01,"6_5_6_8_10_10_10,10_8_6_5,8_1","6_8,8_1_1_5,5_6_8_10_8_6,8_6,5_6_8_10,8_1_1_5_5_3,5_6_8,5_3_1_3_5_5,5_5,1_5_5_3_1_3,1_1_5_5_3,1_1_5_5,8_1_1_5_5,1_1_5_5_3_1,1_5_5_3_1,5_6,8_10,10_8,10_8_6,6_8_10"
NLB074672_01,"12_12_10_8_8_10,1_5_8_1,6_8_10_10_8,5_5_8_8_6,8_6_5,10_8_8_10_8_8","8_8,8_6,5_8_8_6_6_8,1_10_12_12_10_8,8_8_10,8_1_3_1_10_12,8_8_10_8,8_8_6_6_8,8_10_8,1_5,1_3_1_10_12,10_8_8_10_8,10_8_8,8_10,10_8,3_1_10_12_12_10,5_8,8_8_10_8_8,8_8_6_6_8_10"
NLB074754_01,"8_5_8_1,1_12_6","3_1,3_1_10_8_1,1_10_3_1_10_8,1_12,8_5_8_1,8_1,5_8_1,8_5,1_10_3_1_10,8_5_8,3_1_10,1_10_3_1,12_10,1_10_8_1_12_10,1_10_8_1_12,10_8,1_10,5_8,10_3_1_10,3_1_10_3_1_10"
NLB074769_01,"1_12_10_8,8_6_5,10_8_8_10_8_8","10_8_8,8_10,8_10_8_8_10_8,10_8_5_3_10_12,10_8,8_8,8_8_10_8,8_10_8_8_10,8_1,8_10_8,10_8_8_10_8_8,8_8_10_8_8_10,8_8_10,8_10_8_8,10_8_8_10_8,8_8_10_8_8"
NLB074769_02,"8_6_5,1_12_10_8_8,10_8_8_10_8_8","8_8,3_5,12_10_8_8_5_3,8_8_8,1_1,8_8_8_7_8_10,3_5_10_10_10_8,8_1,8_8_8_7_8,8_8_8_7,7_8_10_8_8,1_3,10_8_8,8_10,10_8,1_3_5_10_10_10,10_10,8_1_3_5_10_10,8_10_8_8_1_3"
NLB074840_01,"5_5_8_8_6,5_8_1_1,1_12_10_8_7_8,3_3_10_10_8,10_8_8_10_8_8","8_8,8_8_10,1_12_11_10_1_12,10_1_12_10_8_7,1_12_11_10,5_8_8,8_5,8_10_8,1_1_12_11,1_1_12_11_10,10_8_8,8_10,12_10_8_7_8_10,10_8,12_10_8_7,1_12_11,1_12_11_10_1,5_8,8_8_10_8_8,1_12"
NLB074840_02,"1_12_10_8,5_5_8_8_6,3_3_10_10_8,10_8_8_10_8_8,5_8_1_1_1","8_8,8_8_10_8_8,1_12_10_8_1_12,8_1_12_3_1,3_3,1_1,8_5_8_1_1_1,1_12,5_8_8,12_10_8_1_12,8_1,8_5,8_10_8_8,8_10,10_8,1_3_3_5_1_12,5_8,12_10_8_1_12_3,1_5_8_8_8_10"
NLB074860_01,"5_5_8_8_6,8_6_5,8_10_12_10_8,6_6_10_10_1_8","8_8,10_10_1_8_8_1,10_10_8_8_10_12,8_6,6_10_10_1_8_8,6_6,8_8_8,8_8_10,10_8_8_10_12_10,10_1_8_8_1_12,12_10,10_1_8_8_1,1_8_8_1_12_12,10_8_8,8_10,10_8,10_10_1_8_8,10_10,6_10_10_1_8"
NLB074938_01,"8_8_8_1_1_3_10_5,10_8_8_10_8_8,8_8_6_6_5","8_8,6_5,1_1,1_3_10_5_6_5,8_1,10_12,8_1_1_3_10_5,1_1_3_10_5,12_10,8_1_1_3_10,12_1,1_1_3_10_5_6,1_3_10_5_6,1_12_1_8_8_6,8_10,10_8,8_8_1_1_3_10,12_1_8_8_6_6,1_3_10_5,1_12"
NLB074948_01,"10_8_8,1_1,6_5_3,3_3_10_10_8,8_10_8,3_6_5_3_1,1_1_5_8_1_12,6_6_6,8_10_6_5","5_3,6_6_6_5_6_8,8_8,3_10_10_8_8_10,6_5,5_1_1,6_5_1_1,3_3,1_1,1_3_3_10,5_1_1_3_3_10,1_3,5_6,8_10,10_8,1_8_5_3_8,10_10,5_1_1_3,6_5_1_1_3,1_3_3_10_10"
NLB074954_01,"3_8_8_5_3_1,8_10_8_6_3_1,3_5_6_5_3_1","5_3,8_8,3_1,5_5,5_3_1,1_5_5_3_1_3,8_1,10_8_3_5_6,8_5,8_3_5_6,10_8_10_8_6_3,8_3_5_6_8_10,8_10,10_8,8_3_5_6_8,12_10_8_3_5_6,10_10,10_8_3_5_6_8,12_10_8_3_5,3_1_8_8_5"
NLB074956_01,"8_8_6_10_6_5,10_8_8_10_8_8,1_5_8_1_3_5_3_8_5","8_8_6_10_6_5,8_8,6_8_8_6_10_6,8_1_5_6_8_8,3_5_3_8_5_8,6_5,6_8_8_6_10,8_6,1_5_6_8_8_6,8_1,10_12,8_1_3_5_3_8,3_5_3_8_5,12_1,1_5,8_10,10_8,5_6_8_8_6_10,5_1_5_8_1_3,5_8"
NLB074962_01,"6_8_10_10,1_8_8,8_6_5_3,3_12_8,8_5_1,3_10_8","5_3,3_5_6_8_5_8,6_8,8_8_5_3_12,3_5,3_3,6_8_5_8_3_1,8_1,8_5,6_8_5_8_3,5_6_8_5_8_3,3_5_6,1_3,8_8_5_3_12_8,5_6,10_8,8_1_8_8_5_3,1_3_5_6_8_5,8_1_8_8_5,1_8_8_5_3_12"
NLB075013_01,"10_8_8,1_1,6_5_3,12_3_6_6_5_1,1_5_8_8,8_10_8,8_6,5_6_8,8_10_6_5,1_1_5_8_8_1_12","5_3,8_10_6_5_8_1,8_8,3_5,6_5_8_1_1_12,6_5,1_5_8_8_3_10,3_3,12_12_3_1_12_10,8_1,8_8_1_12_12_3,8_8_10_6_5_8,8_10_6_5_8,12_12_3_1_12,8_1_1_12_3_6,12_3_1_12_10_8,5_6,10_8,5_8,1_12"
NLB075018_02,"6_5_6_8_10_10_10,10_8_6_5,8_8_1","6_8,1_5_5_3_3_1,8_8,1_1_5_5_3_3,5_6_8_10,8_1_1_5_5_3,8_8_1_1_5_5,5_6_8,8_8_1_1_5,1_1,5_5,1_1_5_5_3,8_1,5_3_3_1_3,5_3_3_1_3_5,5_6,8_10,5_5_3_3_1_3,1_5_5_3_3,6_8_10"
NLB075021_01,"8_6,6_5_3,3_5_7_8","8_6_5_3_1_5,5_3,5_3_1_5,8_8_8_6_5,6_5_3,8_8,5_3_1,6_5_3_1,8_8_6_5_3_1,6_5,8_8_8_6_5_3,8_6,6_5_3_1_5,1_5,3_1,8_8_8,3_1_5"
NLB075034_01,"1_3_5,12_10_8,5_3_1","8_10,5_3,10_8,8_8,8_6_5_5_10_8,5_10_8_6_5_5,8_6_5,5_10_8,6_5,10_8_6_5_5_10,8_6,5_10,5_5_10_8_3_8,5_8_8_5_10_8,3_1,5_8_8_5_10,8_6_5_5_10,5_10_8_6"
NLB075035_01,"3_3_5_7_8,10_8,6_5_3,8_1","5_3,8_8,6_5_3,6_5,3_8,10_8_8_10_8_1,3_1_6_5_3_8,8_12_10_8_10,8_1,8_10_8_1,8_8_12_10_8_10,8_10_8_1_5,12_10,8_8_10_8_1_5,8_10_8,10_8_1_5,8_10,8_12_10_8_10_8,10_8"
NLB075040_01,"10_10_8_6_5,6_5_6_8_10_10_10,8_8_1","6_8,8_8,3_1_3_5_5,3_5,3_1,1_3_1_3_5,1_1,5_5,1_1_1_3_1_3,8_1,1_1_3_1_3_5,1_3,5_6,1_3_1_3,8_8_1_1_1_3,1_1_1_3_1,1_1_3_1_3,10_10,8_1_1_1_3_1,1_3_1_3_5_5"
NLB075057_01,"3_3_5_7_8,10_8,6_5_3,8_1","5_3,12_10_8_3_3_5,8_8,6_5_3,6_5,8_12,3_3,8_3,8_3_3_5,12_10,12_10_8_3,8_12_10,12_10_8,10_8_3_3,10_8,12_10_8_3_3,8_8_12_10,10_8_3_3_5,8_3_3"
NLB075059_01,"6_5_6_8_10_10_10,10_8_8_6_6_5,8_8_1","8_8,3_1_3_5_5,3_5,6_5,8_6,3_1,1_3_1_3_5,1_1,5_5,1_1_1_3_1_3,8_1,1_1_3_1_3_5,1_3,1_3_1_3,8_8_1_1_1_3,1_1_1_3_1,1_1_3_1_3,5_8,8_1_1_1_3_1,1_3_1_3_5_5"
NLB075063_01,"10_10_8_6_5_3,1_5_8,3_5_3","5_3,6_5_3,3_5,8_6_5,6_5,8_6,6_10_10_10_8,3_1,1_1_3_8,1_3_8_6_5_3,5_3_1,1_1_3_8_6,6_10_10_10_8_6,5_8_1_1_3_8,8_1_1_3_8_6,5_6_10_10_10_8,1_3,8_1_1_3_8,10_10,1_1_3_8_6_5"
NLB075064_01,"6_8_10_10,8_6_5_3,8_5_1,3_10_8,3_8","5_3,6_8,6_5_3,3_5,8_6_5,6_5,8_6,10_10_8_5_1_3,3_5_6_8_6_5,3_5_6_8,1_3_10_8_6_5,8_5_1_3_5_6,3_10_8_6_5_3,5_6_8_6_5_3,1_3_5_6_8_6,5_1_3_5_6_8,1_3,5_6,10_8,1_3_5_6_8"
NLB075065_01,"1_5_8_1_1_3_3_5,10_8_8_10_8_8,8_10_8_6_8_6_5","5_6_6_6_5_3,3_1_3_12,8_8,6_5,8_6,6_6,6_5_3_1_3_12,1_3_3_5_6_6,5_6_6_6_5,8_1,3_1_3_12_1,5_3_1_3_12,8_6_8_6_5_1,12_1,1_3,8_10,10_8,5_3_1_3_12_1,6_8_6_5_1_5,1_12"
NLB075068_01,"8_6_5_3,5_10_8,6_8_10_8,3_12_8","5_3,6_8_10_8_5_8,8_5_8_8_1_3,3_5,1_5_10_8_5,5_10_8_5_3_12,3_12_8_1_3_5,6_5,12_8_1_3_5,3_3,8_1,5_6_5_1_5_3,8_5,5_10,1_5,6_5_1_5_3_1,1_3,1_5_10_8_5_3,10_8,12_8_1_3_5_10"
NLB075073_01,"8_8_5_8_1,1_12_12_10_8_10_12_1,12_10,5_3_12_10","8_8,3_1,12_1_1_12_12,1_12_12,10_3_1_12,10_12,10_3_1,12_1_1_12_12_10,12_12,12_1_8_8_8_5,12_10,12_1,10_3,8_10,1_8_8_8_5_8,1_12_12_10,10_10,10_3_1_12_1_8,1_12"
NLB075074_01,"1_5_8_1_1_3_3_5,8_8_10_10_8_5,10_8_8_10_8_8","8_8,8_8_10,1_1,1_1_3_1_12_1,8_1,1_1_3_3_5_5,1_3_3_5_5_6,1_1_8_8_10_10,12_1,5_3_1_1_3_1,1_3,3_1_1_3_1_12,1_3_1_12_1,8_10,10_8,10_10,3_1_1_3_1,3_3_5_5_6_5,1_12"
NLB075079_01,"10_8_1_12_3_1,12_1","1_8,8_8,8_6_5,10_8_8_6_5_8,6_5,8_6,3_1,8_8_6_5_8_8,8_1,8_8_1_1_3_1,6_5_8_8_1_1,1_1_3_1_10_10,12_1,1_10_10_8_1,1_10_10_8_1_12,1_3_1_10_10_8,10_8,5_8_8_1_1_3,3_1_10_10_8_1,1_12"
NLB075156_01,"10_8,8_1,3_5_7_8","8_8,8_12_10_8,5_3_1_8_5_8,6_5,8_12,8_1,8_10_8_1,10_8_1_5_6_5,8_1_5_6_5_3,8_10_8_1_5,12_10,3_1_8_5_8,8_10_8_1_5_6,8_10_8,1_5,12_10_8,8_1_5_6_5,8_10,10_8"
NLB075158_01,"8_3,8_10_10_8_10_10,1_5_8_1","10_8_10_10_1_12,1_8,12_1_3_1_8,12_1_3_1_8_1,8_5_10_8_3_5,3_1,10_10_8_10_10_1,10_8_10_10_1,8_3,8_1,8_10_10,1_3_1_8_1,8_10_10_1_12_1,1_3_1_8_1_12,10_10_1_12_1,8_10,10_8,10_10,5_8,1_12"
NLB075167_01,"3_3_5_7_8,10_8,6_5_3,8_1","5_3,8_8,3_5,6_5,10_10_12_10_8_3,10_8_8_10_8_1,8_8_10_8_1,10_12_10_8_3_3,8_1,8_10_8_1,12_10,8_10_8,8_10_10_12_10_8,12_10_8,8_10,10_8,8_10_10_12_10,8_8_12,8_8_12_10"
NLB075174_01,"5_6_8_10_10_10,10_8_6_5,8_8_1","10_8_8_8_6_10,6_8,1_1,8_8,5_5,8_8_8_6,10_10_10_10_8_8,10_10_10_10_10_8,6_5,10_10,8_8_8_6_10,8_6,8_10_10_10_10_10,10_10_10_10,1_3,10_10_10,5_6"
NLB075176_01,"5_8_5,3_3_5_5,8_8_1,3_6_5_3_1,3_1_12","5_3,8_8,8_1_3_3_5_5,3_5,8_8_8_1_3_3,3_1,1_3_3_5_5_3,3_1_3,3_3,5_3_1,12_10,1_3_3_5,3_1_12_10,5_8_5_3_6_5,1_3,10_8_8_8_1_3,3_5_5_3_1_3,1_12,3_1_3_1_12_10"
NLB075184_01,"5_8_6_5,5_3_1_12,8_8_6_5,8_8_1,3_6_5_3_1","5_3,8_8,6_5_3,8_6_5,6_5,8_6,3_1,6_5_3_1_3_3,5_3_1,8_1_5_8_8_6,3_3_5_8_6,6_5_3_6_5_3,5_8_6_5_3_6,8_6_5_3,8_6_5_3_6_5,8_6_5_3_6,5_8,3_3_5_8_6_5,8_8_1_5_8_8,1_3_3_5_8_6"
NLB075191_01,"1_5_8_1,6_10_10_8,8_6_5,10_8_8_10_8_8,10_12_1_12_10,5_8_8_6","8_8_6_6_10,5_8_8_6_6_10,8_8_6_6_10_10,8_8,8_6_6_10,8_6,8_1,8_6_6_10_10_8,8_5_8_8_6_6,12_10,1_12_12_10_10_12,1_5,8_10,10_8,10_8_8_5_8_8,10_10,5_8,8_8_10_8_8,1_12,8_6_6_10_10"
NLB075249_01,"5_6_8_10_10_10,10_8_6_5,8_8_1","6_8,8_8,8_8_8_6,6_5,10_10_6_10_8,8_6,10_10_6_10,6_8_10_10_10_6,1_1,5_5,10_6_10_8_8_8,6_10_8,6_10,1_3,5_6,10_6_10_8_8,10_10,10_10_6_10_8_8,10_6_10_8"
NLB075273_01,"8_8_1_6,1_1_3_5_6_8,12_10_10_8,5_10,8_10_12_1","5_3,6_8,6_5_3,8_8,10_8_8_8_5_10,3_5,6_5,6_8_8_1,3_1,6_8_8,3_5_6_8_8_1,3_5_6_8_8,1_1_3_5_6_8,5_6,10_8,6_8_8_1_6,8_8_8_5_10_8,5_6_8_8,1_12,5_6_8_8_1"
NLB075307_03,"1_12_10,10_10_8_1_3_5_1,8_1","5_3,1_8,3_5,8_5_5_3_5_6,5_6_10_10_8_1,5_3_5_6_10_10,3_3,6_10_10_8_1_3,5_3_3_3_1_12,8_1,12_10_8_8_5_5,10_8_8_5_5_3,12_10,10_10_8_1_3,10_8_1_3_5_1,10_8,1_12_10,10_10,1_8_6_5_3_3,1_12"
NLB075309_02,"1_10_8,3_12_8,5_3_1","5_3,8_10,10_8,8_8,3_5,8_1,10_8_1,8_8_8_10_8_1,3_10_3_8,12_3_10_3,5_6_8_8_8,8_8_8,12_3_10_3_8,8_8_10_8_1,6_8_8_8_8_8,8_8_8_8,6_8_8_8,3_5_3"
NLB075313_01,"10_8,8_8_6_5,1_1_1_5_8_6,5_6_10_10_8,8_10_8,3_5_6_5_1,6_6_6,1_1_8_1_12","10_10_8,6_6_6_6_8_10,5_3_1_1_1_5,10_8,1_1,5_5,8_8,8_6_5,1_10_10_8_8_8,6_5,10_10,5_5_5_6_10,8_6,6_6_6,6_6,5_5_6_10_10_8,5_5_5_6_10_10"
NLB075318_01,"1_10_8,3_12_8,5_3_1","3_3,8_10,8_8_8_8_8,10_8,8_8,12_10,1_12_12_10,3_3_3,10_10,3_3_3_3,10_8_1,8_8_8,8_8_8_8,1_12,1_12_12"
NLB075325_01,"8_8_10_8,5_8_8_5,5_3_1_12,8_8_1","5_3,8_8,3_5,8_8_5_3_5_10,6_5,3_6,3_1,5_3_6_5,5_3_6_5_8_8,8_3_1_3_3_3,6_5_8_8_1_5,5_8_8,8_1,3_6_5_8_8_1,8_5_3_5_10,8_5_3_5_10_8,1_3,1_3_3_3_5_8,5_8,5_3_6"
NLB075325_02,"8_8_10_8,5_8_8_5,5_3_1_12,5_8_1","6_5_3_6,5_3,3_6_5_3_6_5,6_5_3,6_5_3_6_5,5_3_6_5_3_6,3_5,3_6_5_3_6,6_5,5_8,3_6,5_3_6,3_6_5,1_3,5_3_6_5"
NLB075367_01,8_6_5_3,"5_3,3_5,1_3_5,8_6_5,6_5,8_6,3_1,5_3_1,3_8_6,8_1,3_8_6_5,5_5_1_3_5_3,5_3_8_6_5,1_3,5_3_8_6,6_5_5_1_3,8_6_5_5_1_3,8_6_5_5_1,6_5_5_1_3_5"
NLB075379_01,"10_10_8,10_8,8_1","5_3,8_8,3_5,1_3_5,3_5_6_1_12,8_3,1_1,6_1_12_10_10,6_1_12,5_6_1_12,5_6_1_12_10_10,5_6_1_12_10,3_5_6_1_12_10,6_1_12_10,1_3,6_1_12_10_10_8,10_8_8,10_8,5_8,1_3_5_6_1_12"
NLB075431_01,"1_6_5_5_3_1,1_1_1_1_8_1_10,8_8_6_5,8_10_8","5_3,8_10,1_1,10_8,5_5,3_5_5_3_8_5,3_5,8_1,8_5_3_5_6_10,6_3_3_5_5_5,6_5_1_1_1,1_1_1,5_8,8_5,3_5_5_5_10,5_5_3_8_5_5,3_5_5_5_10_10"
NLB075525_01,"10_8,8_1","8_8,3_5,1_3_5,3_1,8_3,1_1,1_1_3_5_8_5,3_5_10_8_8_1,5_10_8_8_1,1_12_1_3_5_6,1_3,5_6,1_1_1_3_5_8,1_1_3_5_8,10_8,5_10_8_8_1_1,5_8,8_5_3_1_12_1,10_8_8_3_5,1_3_5_10_8_8"
NLB075532_01,"1_5_8_1_1_1_3_3_5,10_8_8_10_8_8,8_8_10_8_5","1_8,8_8,3_1_1_8,8_8_10_8_5_1,1_1_8,5_3_1_1_8_10,1_1,8_10_12,8_1,10_12,1_5_8_1_1_1,8_1_1_1,3_1_1_8_10_12,12_1,1_1_8_8_10_8,3_1_1_8_10,8_10,10_8,10_12_1"
NLB075551_01,"5_3,8_1_3_3_5_8_1_3_5,3_1,5_5_3_1_8_8_1_3_5","3_3,5_3,5_5_5_5_5,8_1_3_5_5,5_5,3_5,8_1_3,1_3_5,8_1_3_5_5_5,1_3_5_5_5,3_5_5_5,8_1,1_8_8_1_3_5,5_5_5_5,3_1,1_3,5_5_5"
NLB075612_01,"5_6_8_10_10_10,8_8_5,8_8_1","8_10,6_8,1_1,8_8,5_5,1_1_3_3_1_3,1_1_1_1_3_3,8_1,3_3_1_3_5_5,1_1_3_3_1,1_3_3_1_3_5,1_1_1,8_8_1_1_1_1,1_1_1_3_3_1,1_3_3_1_3,5_6_8,1_3,5_6"
NLB075616_01,"10_8_8,8_10_8_6_5,8_10_12_1_3_5_3_3_5","5_3,12_10_1_12_10_10,10_1_12_10_1_12,6_5,3_1,10_12_1_3_5_3,8_1_3_1_8_10,10_1_12_10,10_1_12,12_10,3_5_3_3_5_6,5_8_10_12_1_3,12_1_3_5_3_3,1_3,8_10,10_8,10_10,10_1_12_10_1,10_1,1_12"
NLB075635_01,"8_10,8_1,1_5_6_8,8_10_12_1,12_10_8","6_8,8_8,3_5_1_5_6_8,8_1_3_5_1_5,10_8_8_5_8_6,8_10_10_10_6_8,1_1_8_10_10_10,1_3_5_1_5_6,8_1,3_5_1_5_6,8_10_8,8_10_8_8,1_3,10_8_8,8_10,10_8,5_1_5_6_8_8,10_10,12_10_8_10_8_8,10_8_10_8_8_1"
NLB075739_03,"3_3_8_3_1_3_1,5_3_1_6_5,8_10_8","5_3,3_8_3_1_3_1,1_8,8_8,3_3_8_3_1,5_3_3_8_3_1,3_1,3_8_3_1,3_3_8_3,5_5,5_3_1,5_5_3_3_8_3,8_5,3_8_3_1_3,5_3_3_8_3,3_3_8_3_1_3,1_3,8_10,10_8,8_8_5_3_1_6"
NLB075742_01,"8_10_8_8_6_6_5,5_3_1_6_5,8_8_8","8_8,8_10_8_8_6,6_5,12_10_8_5_8_8,8_6,8_8_8,6_5_8_1_1_1,1_1,8_10_8_8_6_6,8_1,8_8_6_5_8_1,10_8_8_6_6_5,8_8_6,8_10,10_8,8_8_10_8_8_6,8_6_5_8_1_1,10_8_8_6,5_8"
NLB075771_02,"8_10_8_3,5_3_5_6_3,5_8_5_3_1_3_1,8_10_8","5_3,8_8,3_5,8_5_3_5_6_3,3_1,8_8_10,8_8_10_8_5,6_3_3_5_8,5_3_5_6_3_3,8_5,3_5_6_3_3_5,8_10_8,8_5_3,5_6_3_3_5_8,8_10,6_3_3_5_8_5,10_8,8_8_10_8_5_3,5_6_3_3_5"
NLB075831_01,"5_5_8_8_6,8_6_5,3_3_10_10_8,10_8_8_10_8_8,8_8_8_1_12_10_10,5_8_8_1","10_8_8,8_10,1_12_10_10_8_6,10_8,8_8,8_10_8_10_8_8,10_8_8_8_1_12,10_8_10_8_8_10,12_12_10_8_8_8,5_8_8_1_12_12,8_1_12_12_10_8,8_1,8_10_8,10_10,8_6,5_8,8_5,8_8_1_12"
NLB075848_01,"5_3_1_6_5,5_6_8_3_1_3_1","5_3,6_8,3_5_6_8_3,8_8,3_5,6_5,3_1,5_6_8_3_1_3,3_5_6_8_3_1,6_8_3_1_3,5_6_8_3,5_3_1,5_6_8_3_1,8_3_1_3_1,6_8_3,3_5_6,1_3,5_6,6_8_3_1,6_8_3_1_3_1"
NLB075881_02,"8_6_5_3,5_3_1_6_5_3,8_8_8,8_10_8_6_5_3_1","5_3,8_10,3_5_6_8_10_8,10_8,8_8,5_3_1,5_6_8_10_8,5_3_5_6_8_10,6_5_3_5_6_8,6_5,8_10_8,1_5,5_6_8_10,3_1,8_8_8,8_8_8_8,6_8_10_8"
NLB075906_01,"1_3_5,5_1,8_3_1","8_6_5_5_3_10,8_8,5_8_10_12_1_12,3_10_8_1_3,6_5,8_6,8_3,3_10_8_1_3_5,5_10_8_5_8_8,5_5_3_10_8_1,8_5,8_8_8_8_3,8_10,5_3_10_8_1_3,10_8,1_10,10_10,5_10_8_5_8,5_8"
NLB076076_01,"5_6_8_3_1_3_1,8_6_5_3,5_3_1_6_5,8_10_8","5_3,8_8,3_5,8_5_8_8_10,3_1,8_8_10,8_5_8_8_10_12,8_5_8_8,8_5,5_8_8_10,10_8_5_8_8,8_10_8,10_8_5_8,8_10,10_8,10_8_5_8_8_10,5_3_3_5_8_5,6_5_3_3_5_8,5_8"
NLB076118_01,"12_10_8,6_5_1,5_3_1","5_3,6_5,3_6,5_8_5_3_8_8,5_8_5_10_8,8_3,3_6_5_1,1_5_8_5_3_8,8_5,5_3_8_8_8_5,12_1_12_8,5_1_5_8_5_3,5_8_5,5_1,1_5,8_10,10_8,8_10_12_1_12_8,5_8,1_5_8_5"
NLB076128_01,"10_8_5_6_5,8_3,1_5_8,3_5_6_8_10_8_6_5_1_8","8_10,8_6_5_1_8_8,6_8,10_8,5_6_8_10_8,10_12_10_8_10,6_5,8_10_8,10_8_10,5_6_8_10,6_5_1_8_8_10,5_1_8_8_10_12,8_10_12_10_8_10,5_6_8,6_8_10,10_12_10_8_10_8,5_6"
NLB076130_07,"5_5_3,8_10_10_8_10_10,5_6_8_1","5_3,3_5,8_6,5_5,8_1,8_10_8_6,6_8_1_8,3_5_6_8_1_8,6_8_1_8_10_8,8_10_8,12_10_8_5_8_10,8_10,5_6_8_1_8,10_8,6_8_1_8_10,10_8_6_5_5_5,8_5_8_10_8_6,5_6_8_1_8_10,10_8_6,10_8_5_8_10_8"
NLB076211_01,"12_12_10_8_6,8_8_8_8,5_1,1_6","5_3,6_6_6_6,5_3_8_10_8_5,10_8,8_8,1_6_5_3_8,6_6_6_6_6,1_6,6_5,3_8_10_8_5_1,3_8_10_8_5,6_6_6,8_10_8_5_1,6_6,8_8_8,8_8_8_8,1_6_5_3_8_10"
NLB076258_01,"5_6_8_3_1_3_1,5_3_1_6_5,8_10_8","8_10,5_3,1_1_5_3_1_8,10_8,8_8,8_10_8_5,5_3_1,1_5_3_1_8_10,6_5,8_10_8,3_1,8_8_8,8_8_10,8_8_8_10_8,5_8_8_8"
NLB076271_01,"8_10_8_3,5_3_1_6_5_3,6_10_6,5_8_5_3_1_3_1","5_3,1_1,8_8,5_3_1,8_5_3_1_6,5_8_5_3_1,1_6,6_5,8_5_3_1_6_5,5_8,3_1,8_5,10_8_5_3_1_6,8_5_3_1,3_1_6_5,8_5_3"
NLB076303_01,"1_5_8_1,5_5_8_8_6,10_10_10_1_12_10,8_6_5,10_8_8_10_8_8,6_6_10_10_1_8","8_10,10_8,8_8,10_1_8_1_5_8,10_1_8_1_5,10_10_1,8_1,10_10,6_10_10_1_8_1,8_6,10_10_1_8_1,1_5,5_8,6_6,10_1,10_10_1_8_1_5,10_1_8_1,8_8_10_8_8"
NLB076426_01,"8_10,8_1,1_5_6_8,12_10_10_8,8_10_12_1","6_8,8_8,3_5,3_5_1_5_6_8,8_1_3_5_1_5,10_8_8_5_8_6,8_10_10_10_6_8,1_1_8_10_10_10,1_3_5_1_5_6,10_10_8_8_1_1,8_1,1_8_10_10_10_6,3_5_1_5_6,5_1,1_3,10_8_8,8_10,10_8,5_1_5_6_8_8,10_10"
NLB076495_01,"8_3_1,1_5_8,12_10_8","6_8,8_8,5_8_8_5_3_5,6_5,8_6,1_1,8_8_5_3_5_6,3_5_6_5_6_8,5_8_8,5_8_6_3_1_5,8_6_3_1_5_8,1_1_10,1_5,6_8_5_8_8,8_6_3_1_5,5_6,8_5_3_5_6_5,6_8_5_8_8_5,10_10,5_8"
NLB076625_01,"8_8_1_3_5_3_1_5_3,10_8,8_1_3_5_3_1_5_3","5_3,3_5,1_3_5,1_5_3_8_8,1_5_3_8_8_1,3_1,3_8_8_1_3_5,5_3_1_5_3_8,5_3_1,8_1_3,3_8_8_1_3,8_1,3_1_5_3_8,1_5,3_1_5_3_8_8,3_5_3_1_5_3,3_1_5,1_3,1_3_5_3_1_5,5_3_8_8_1_3"
NLB076632_01,"3_8,8_1_3_5_8_6_5_3","5_3,6_5_3,3_5,1_3_5,8_6_5,3_5_8_6,6_5,3_5_8_6_5_3,8_6,3_8,8_1_3_5_8,1_3_5_8_6_5,5_8_6_5_3_8,8_6_5_3_8,1_3_5_8_6,8_6_5_3,6_5_3_8,8_1_3_5_8_6,3_5_8_6_5,1_3"
NLB076740_01,"5_10_10,8_10_12_1,12_10,8_1","5_3,8_8,6_5_3,3_5,6_8_8_6_5_3,8_6_5,10_8_5_10_10,6_5,8_6,5_10_10_8_6,8_5_10_10_8,8_1,8_6_5_3,8_5_10_10,10_8_5_10_10_8,10_8,12_10_8_5_10_10,5_10_10_8_6_5,3_5_6_8_8_6,8_5_10_10_8_6"
NLB111478_01,"11_9_7,4_12,4_2_12,12_2_4","5_4,2_12,4_5,7_5,4_2,12_2,2_4,2_12_2,7_7,4_4,7_5_4"
NLB111484_01,"3_5_6_10_8_6_5_1_8,10_8_6_6_5,8_3,1_5_8","1_8_8_8_12,8_8,3_5,6_5,8_6,5_1_8_8_8_12,12_10_8_6_3,6_5_1_8_8_8,6_10,8_12_10_8_6_3,5_6,8_10,8_8_12_10_8_6,10_8,1_8_8_8_12_10,12_10_8_6_3_1,6_10_8_6_5_1,10_8_6,5_8,5_1_8_8_8"
NLB111656_01,"1_12_10_8,3_2_3_3","3_3,5_3,3_3_2_3,10_8,1_1,12_10,3_2_3_3_2,2_3,3_2,3_2_3_3,8_1,3_2_3,2_3_3_2_3,2_3_3_2,3_2_3_3_2_3,1_12,2_3_3"
NLB111760_01,"1_12_10_8_10_12_1,12_10,5_3_1_10,8_5_8_1,12_10_8","5_3,5_3_1_10_1,3_1_10_1,3_1,6_6,8_1,10_1_12_10_8_10,8_5,1_10_1,3_1_10_1_12_10,1_10_1_12,12_10,3_1_10_1_12,12_10_8,1_10_1_12_10,10_8,5_3_1_10_1_12,1_12_10,1_10_1_12_10_8,1_12"
NLB112115_01,"1_12_10_8,3_12_8,5_3_1","5_3,10_10_8,8_8,3_5,12_12_10_10_8,8_1,3_2_3_5_3_12,12_12,12_12_10,12_10,12_12_10_10,10_8_1,5_8_8_8_8_10,2_3_5_3_12,8_10,10_8,1_12_12_10,10_10,1_12,2_3_5_3_12_8"
NLB112123_01,"8_10_10_8_10_10,1_5_8_1,6_5","1_8,8_6_3,10_8_1_5_8_6,1_5_8_6_3_1,8_6,1_8_8_6_3_6,8_1,8_1_5_8_6_3,1_5_8,6_3_6_5,8_8_6_3_6,8_8_6_3_6_5,8_1_5_8_6,1_5,6_3,8_10,8_6_3_6,10_8,5_8"
NLB112210_01,1_12_10_8,"5_3,3_5,5_3_5_1,3_1,6_3_1_3_3_3,3_3,3_5_6_3_1_3,5_3_5_1_1_1,12_10_8_8_6_6,12_10,6_6_5_3_5_1,6_3_1_3_3,3_5_1,12_1_3_5_6_3,1_3,5_6,8_10,10_8,5_6_3_1_3_3,1_12"
NLB112233_01,"3_5_6_10_8_6_5_1_8,10_8_6_6_5,1_5_8","10_8_6_5_1_8,6_5_1_8_8,8_6_5,6_5,8_6,10_8_6_5,5_1_8_8_10,6_5_1_8_8_10,5_1_8_8_10_12,3_5_6_10_8_6,5_1,6_5_1_8,1_5,8_10,8_6_5_1_8_8,10_8,8_6_5_1_8,6_10_8_6_5_1,6_5_1,10_8_6"
NLB124573_01,"7_12,4_9_7","4_4_2,2_12,4_2_12,4_4_2_12,12_2_4,12_2,4_2,2_4,7_7,4_4,9_7"
NLB125421_01,"1_3_5,5_1,10_8,5_3_1","3_3,5_3,8_8_6_5_5,10_8,8_8,5_5,8_8_6_5,3_5,8_6_5,1_10,5_6_6,5_5_6_6,6_5,8_6,12_1_10,10_12_1_10,6_3,5_6"
NLB125427_01,3_5_6_10_8_6_5_1_8,"1_8_8_8_12,8_8,10_8_6_5_1_8,8_8_8_12_10,3_5,8_6_5,6_5,8_6,10_8_6_5,5_1_8_8_8_12,6_5_1_8_8_8,12_10,5_1,8_6_5_1_8_8,10_8,1_8_8_8_12_10,8_6_5_1_8,6_10_8_6_5_1,10_8_6,5_1_8_8_8"
NLB134389_01,"5_3,1_5_8_1,8_10_10_8_8_10_10","1_5_8_1_8,1_8,8_8,8_8_6_5_5_3,8_6,8_6_5_5,5_8_1_8_8,1_5_8_1_8_8,8_1,8_10_10,8_6_5_5_3,1_5,8_10,8_1_8_8,8_8_6_5_5,10_8,10_10,5_8,5_8_1_8"
NLB134474_01,"1_12_10_8_10_12_1,12_10,5_3_1_10,8_5_8_1,10_8_6_5","12_10_3_10,12_10,10_8,1_12_10_3_10_8,1_12_10,8_5_8_1,8_1,5_8_1,10_3_10_8,1_12_10_3_10,5_8,8_5,10_3_10,10_3_10_8_5,1_12,8_5_8"
NLB134480_01,"10_8_6_6_5,8_3,1_5_8,3_5_6_8_10_12_1_8","3_5,6_5,8_6,6_8_10_12_1_8,6_5_3_5_8_1,12_1_8_8_10,5_3_5_8_1,10_12,10_12_1_8_8_10,10_12_10_8_6_5,12_10,3_5_6_8_10_12,12_10_8,8_10,12_10_8_6_5_1,10_8,12_1_8_8_10_12,5_3_5_8_1_12,10_8_6,5_8"
NLB135273_01,"10_8_6_6_5,8_3,1_5_8,3_5_6_8_10_12_1_8","3_5,6_5,8_6,6_8_10_12_1_8,6_5_3_5_8_1,12_1_8_8_10,5_3_5_8_1,10_12,10_12_1_8_8_10,10_12_10_8_6_5,12_10,3_5_6_8_10_12,12_10_8,8_10,12_10_8_6_5_1,10_8,12_1_8_8_10_12,5_3_5_8_1_12,10_8_6,5_8"
NLB138219_01,"7_12,5_4_5_7_9_11_12_5,4_2_12","7_7_12,2_12,5_4,5_4_2_12,4_7,12_11,7_5,4_2,11_12,7_7_7,7_7_7_7_7,7_7_7_7,7_7"
NLB141251_01,"1_12_10_8,1_12_1_8,3_5_3_3,3_5_3","5_3,3_5,3_1,3_3,1_1,3_5_3_3,1_1_12_1_8_1,1_1_12_1_8,1_8_1_1_3,8_1,12_1_8_1_1_3,3_5_3_3_5,12_1_8_1_1,3_5_3_3_5_3,1_3,10_10,1_8_1_1_3_5,5_3_3_5_3,1_12,3_5_3"
NLB141314_01,"1_12_10_8_10_12_1,12_10,5_3_1_10,8_5_8_1,10_8_6_5","12_10_3_10,12_10,10_8,1_12_10_3_10_8,1_12_10,8_5_8_1,8_1,5_8_1,10_3_10_8,1_12_10_3_10,5_8,8_5,10_3_10,10_3_10_8_5,1_12,8_5_8"
NLB141407_01,"3_12_8,12_1_8,5_3_1","5_3,10_10_8,12_12_10,10_8,8_8,8_8_8_8_8,1_12_12_10,3_5,1_12_12_10_10,8_1,10_10,12_12_10_10_8,8_8_8,12_12,1_12_12_10_10_8,8_8_8_8,1_12,1_12_12"
NLB141648_01,"8_10_12_1,8_5_8_1","6_8,8_8,8_7_6_5,8_12,5_6_8,10_8_8_7_6_5,6_5_6_8_12_6,5_6_8_12,8_5,8_5_8,6_5_6_8_12,5_10_8_8_7,8_8_7_6,6_8_12,5_6,10_8,8_8_7_6_5,8_7_6,5_8"
NLB141649_01,"1_12_10_8,3_12_8,5_3_1","10_8_12_3_3_10,5_3,10_10_8,8_8,3_5,8_12_3_3_10_10,10_10_8_12_3_3,12_3_3_10,1_12_10_10_8_12,10_8_12_3_3,8_12_3_3_10,8_1,12_3_3_10_10,12_10,8_12_3_3,12_3_3_10_10_8,10_8,1_12_10,10_10,1_12"
NLB143240_01,"5_7_7_7_9,7_4_12","7_7,5_4,7_9_7,7_9,12_5,7_5,4_2,7_4,9_7_4,2_4,5_7,5_4_2,9_7"
NLB144042_01,1_12_10_8,"5_3,3_5,3_1,6_3_1_3_3_3,3_3,3_5_6_3_1_3,1_3_3_3_5_6,5_3_5_1_1_1,5_3_5_1_1,8_5_3_5_1_1,12_10,5_6_3_1_3,6_3_1_3_3,12_1_3_5_6_3,1_3,5_6,8_10,10_8,5_6_3_1_3_3,1_12"
NLB144072_01,"5_3,5_5_3_1_8_1_3_5","5_3,1_8,1_8_1_3_5,3_5,3_5_5_5_3_1,3_1,3_3,5_5,5_3_1,3_1_8_1_3,8_1,3_1_8_1_3_5,5_5_3,1_8_1_3_5_5,5_5_3_1,1_8_1_3,5_3_1_8_1_3,5_5_3_1_8_1,5_5_3_1_8"
NLB144100_01,"8_10_10_8_10_10,1_5_8_1,3_1","5_10_8_6_3,8_10,1_5_8_1_8,10_8_6_3,1_1,10_8,8_6_3,8_5_10_8_6_3,12_3_1_1,10_8_5_10_8_6,1_1_12_10_8_5,8_6,10_8_6,5_8,3_1,6_3,12_3_1_1_1,12_10_8_5_10_8"
NLB145525_01,"5_3_1_12,5_8_5,8_8_1,3_8,5_5_5_5,3_6_6_5_3_1","5_3,8_8,3_5,10_12_5_3_5_3,3_1,12_5_3_5_3,12_5_3_5_3_8,5_5,5_3_1,12_10_12_5_3_5,12_5_3_5,12_10,8_5_3_6_6_5,10_12_5_3_5,5_5_5,5_8_5_3_6_6,8_5_3_6_6,1_12,3_5_3"
NLB145856_01,"1_12_10_8_1,1_5_8","1_8,10_8_1_8_10_12,1_8_10_12_10,8_6_5,6_5,8_6,6_10_10_8_5_1,8_12_10_6_10,8_8_12_10_6_10,8_1,5_1_8_6_5_3,12_10_6_10_10_8,8_12_10_6_10_10,12_10,12_10_8_1_8_10,1_5,12_10_8,10_8,5_8,10_6_10_10_8_5"
NLB146608_01,"5_3_1_12,5_8_5,8_8_1,3_8,5_5_5_5,3_6_6_5_3_1","5_3,8_8,3_5,10_12_5_3_5_3,3_1,12_5_3_5_3,12_5_3_5_3_8,5_5,5_3_1,12_10_12_5_3_5,12_5_3_5,12_10,8_5_3_6_6_5,10_12_5_3_5,5_5_5,5_8_5_3_6_6,8_5_3_6_6,1_12,3_5_3"
NLB146699_01,"10_8_8,5_5,8_8_6_5,3_12_8,8_10_8,3_6_5_3_1,8_10_12_1_12","5_3,8_10,8_8_6_5_5,10_8,8_8,5_5,3_5,8_6_5_5_5_3,8_6_5,6_5,8_6,8_6_5_5,3_1,6_5_5_5,8_8_6_5_5_5,6_5_5_5_3,8_6_5_5_5"
NLB146728_01,"3_12_8,12_1_8,5_3_1","5_3,10_10_8,8_8,3_5,12_12_10_10_8,8_8_8,1_12_12_10_10_8,1_12_12,1_12_12_10_10,8_1,12_12,3_3_2_3_5,12_12_10,8_8_8_8,3_3_2_3_5_3,10_8,1_12_12_10,10_10,1_12"
NLB146731_01,"11_9_7,4_12,4_2_12,12_2_4","5_4,2_12,2_2,4_12,4_7,12_9,7_5,4_2,7_4,2_4,7_7,9_7"
NLB146741_01,"7_12,12_12_11_9,9_7_12_2_4_12","7_12_4,11_9,12_4,2_12,7_12,12_11_9,12_11,4_2,9_9,9_9_7,7_7,9_7"
NLB147463_01,"8_6,5_3,5_3_1","5_3,6_8,3_5,10_8_5_5_3_6,8_6_8_5_3_1,8_6,1_3_10_8_5_5,3_1,3_10,6_8_5_3_1,1_1,5_3_1,8_5,6_8_5_3_1_3,1_3_10_8_5,3_10_8_5_5,1_3,1_1_3_10_8_5,3_10_8_5_5_3"
NLB147912_01,"2_2_2_2_4,2_11_7","11_9,9_11,2_11,4_2_11,2_12,7_12,12_11_9,2_2_2,12_11,4_2,12_2,2_4,2_2"
NLB151180_01,"10_8,8_10_8_6_5,8_10_8,1_5_8_1_12,3_5_6_3_1,3_6_10_10_8,6_3","1_3_5_6_3_1,8_6_5,6_5,8_6,6_5_1_1,1_3_5_6_3,8_10_8_6,8_6_5_1_1,8_10_8_6_5_1,8_10_8,5_6_3_1,3_5_6_3_1,1_3,5_6,8_10,10_8,10_8_6,8_6_5_1_1_3,6_5_1_1_3,10_8_6_5_1_1"
NLB152778_01,"10_8,1_5_8_8_1_12,3_8_10_10_8,8_10_8,1_5_8,3_5_6_3_1","5_3,8_8,3_5,8_6_5,6_5,8_6,5_5,5_3_8_10,6_5_5_5,8_6_5_5_5_3,6_5_5_5_3,8_8_8_6_5_5,10_8_8_8_6_5,8_10,8_8_6_5_5,10_8,10_8_8_8_6,5_8,8_8_6_5_5_5,8_6_5_5_5"
NLB152784_01,"1_12_10,10_8_12_3_5_1,8_1","5_3,1_8,8_6_5,6_5,5_3_12_3_12_8,8_6,8_1,1_5_3_1_10_10,3_12_3_12,12_8,12_3,3_12,1_8_6_5_3_12,1_10_10_8_12_3,5_3_12_3_12,6_5_3_12_3_12,3_1_10_10_8_12,10_10,8_6_5_3_12_3,1_10_10_8_12"
NLB162519_01,"5_3,8_10_10_8_10_10,1_5_8_1","8_10,1_5_8_1_8,10_8,1_8,8_10_10_8_10,10_10_8_10,8_1,5_8_1,6_5,8_6,8_1_12_10_8,1_5,5_8,3_1,1_12_10_8_5,5_8_1_8,12_10_8_5,8_1_12_10_8_5"
NLB162526_01,"5_6_7_8_1,5_1,8_10_10_8_10_10","8_10,10_10_8,5_6_7,10_8,1_8,8_10_10_8_10,10_10_8_10,10_10_8_10_10,10_8_10_10,8_1,10_10,10_8_10,8_5_10_8_3_6,8_10_10_8,8_10_10,8_10_10_8_10_10,5_6_7_8,7_8_1_8_8_6"
NLB162684_01,"5_3_1_12,8_8_1,3_6_5_3_1,5_8_1,3_8","5_3,8_8,3_5,8_1_5_1_1_3,3_1,1_3_1_3_3_5,5_3_1,1_5_1_1_3_1,5_1_1_3_1_3,12_1_5_3_5,8_1,12_1_5_3_5_3,1_3_1_3_3,1_5,1_1_3_1_3_3,10_12_1_5_3_5,1_3,1_5_1_1_3,1_12,3_5_3"
NLB167193_01,"3_5_6_8_10_8_6_5_1_8,8_3,1_5_8,10_8_8_6_5","8_10,6_8,10_8,8_8,8_6_5_1_8,5_6_8_10_8,8_6_5,10_12_10_8_10,6_5,8_10_8,8_6,6_5_1_8_8_10,5_1_8_8_10_12,8_10_12_10_8_10,5_6_8,10_12_10_8_10_8,5_6"
